Unnamed: 0,user_id,song_id,weight
0,703680,155818,0.0
1,801034,674816,0.0
3,975852,181501,3253.2466163824847
4,563786,589532,212.61087703196168
5,680731,173540,2115.2426958932497
6,580347,467336,0.0
7,510457,683627,6517.920704942742
8,427619,139708,0.0
9,582638,111351,0.0
10,677984,222168,246.53227861093444
11,763494,116583,0.0
12,565110,776827,678.6736315578983
13,229032,576192,0.0
14,789430,858686,0.0
15,792900,697735,4300.669299873394
16,806119,720021,912.4117692470476
17,185660,358492,0.0
18,703102,892846,11599.661583796502
19,886976,359964,103.08661730043687
20,228705,744225,117.25143867748811
21,685281,168036,0.0
22,457281,676985,5154.082990862218
23,687507,79564,0.0
24,976288,853711,0.0
25,834376,660710,994.354666409561
26,652344,412048,0.0
27,567610,695522,0.0
28,757732,561824,0.0
29,880154,289302,10751.082781062743
30,87420,368515,530.4983225863218
31,656073,500298,3731.3440426790708
32,233136,230551,3358.3120669290633
33,23425,168259,0.0
34,267531,712748,4254.343442324076
35,500785,600576,0.0
36,464862,681692,1763.8058356228992
37,175764,731273,731.6520769328812
38,485906,682351,0.0
39,564202,830738,385.6589306939951
40,39784,432562,0.0
41,708871,945506,0.0
42,960886,124092,16500.10692569121
43,617317,481574,3405.4605557192895
44,432054,232504,481.3684251545989
45,888088,178147,0.0
46,827484,175115,345.9767899257715
47,101403,810856,0.0
48,198599,930630,192.85926245927956
49,184614,885751,102.87721914990885
50,168685,991132,397.62194845023794
51,360936,181501,887.0124322428321
52,594395,467336,5471.002844308873
53,960230,944806,0.0
54,983077,453204,764.4137482130733
55,914527,19394,0.0
56,134594,361613,0.0
57,257737,322436,0.0
58,514611,742056,0.0
59,90287,46897,0.0
60,960206,155818,0.0
61,196165,323222,0.0
62,847891,545918,0.0
63,927322,634974,0.0
64,728367,610392,0.0
65,138760,354754,427.3078929684134
66,383577,43041,0.0
67,756469,203088,0.0
68,263144,419839,2970.8415692090825
69,688290,810856,1912.5047255516104
70,229999,173540,824.0966588409334
71,873523,71619,0.0
72,826268,477242,0.0
73,196767,405050,2541.8215121101443
74,956139,429815,2876.1359583974886
75,853921,247498,0.0
76,642482,209007,1689.101128953936
77,192054,947232,725.857268861662
78,991436,950081,2670.593909611098
79,402936,359220,2985.196698951013
80,73483,343176,0.0
81,665395,696504,0.0
82,94128,191805,0.0
83,733443,784640,12.226358947004128
84,145024,149616,0.0
85,87420,357060,0.0
86,939428,443963,505.4629686255584
87,845022,172970,0.0
88,73989,442208,32893.90988281579
89,748236,43055,246.9104251769354
90,961715,780093,0.0
91,789805,753436,855.627382003738
92,321379,361613,2764.2637100704433
93,298171,137151,0.0
94,473629,964047,2482.8496766920357
95,961018,278805,0.0
96,922821,845427,1729.6996704065625
97,746758,543648,0.0
98,199796,923116,0.0
99,567276,361613,3147.360968244706
100,787431,76576,0.0
101,809388,421331,0.0
102,956839,530632,0.0
103,645071,272457,0.0
104,497095,958530,664.4298342893313
105,303215,325011,0.0
106,616654,166845,1385.539275855226
107,402769,429117,0.0
108,387838,789786,0.0
109,280445,278805,0.0
110,921397,845427,273.1089521426896
111,5545,138995,0.0
112,269328,843807,646.6179228193179
113,815960,358032,0.0
114,581089,175115,0.0
115,258600,343176,0.0
116,826214,124092,0.0
117,511970,378771,0.0
118,930675,569289,0.0
119,235465,677576,58.0211601528014
120,826533,665162,0.0
121,63167,457602,0.0
122,749492,122935,8936.00743857544
123,115791,99737,0.0
124,348711,494777,0.0
125,457220,23763,0.0
126,87432,873790,0.0
127,878123,935585,66.93548471140464
128,749597,695522,0.0
129,155431,668467,0.0
130,843911,156463,357.56000345296576
131,733993,301921,0.0
132,173252,259282,0.0
133,304970,40691,1134.0451204812289
134,667644,930577,0.0
135,291936,218845,3.3876658314667107
136,853921,208721,0.0
137,809698,172970,811.4807513658454
138,212905,342381,12.242266277475041
139,548651,879365,0.0
140,40242,332403,4407.1623825466495
141,629589,440242,0.0
142,572442,926341,0.0
143,862066,853711,309.23323097589247
144,690928,698415,0.0
145,880154,961450,660.9845433649917
146,838520,361613,8666.342982950373
147,950278,181501,38.47020034938267
148,705172,984203,0.0
149,525454,282435,13831.210352111819
150,94085,697735,3467.364708802974
151,742254,887902,0.0
152,204933,736860,0.0
153,418840,22989,0.0
154,459393,302116,564.7966011927563
155,387451,11502,28159.05773012562
156,127948,443525,0.0
157,162715,975724,14.148859064594022
158,233407,175115,5783.466629154562
159,720908,172767,82.29872780825205
160,738689,940986,0.0
161,443869,159780,0.0
162,965700,158396,0.0
163,760280,430087,0.0
164,535656,699356,0.0
165,545414,64135,0.0
166,706244,184702,0.0
167,14468,530577,0.0
168,473629,831838,0.0
169,927895,156463,0.0
170,321379,569772,0.0
171,714063,444328,0.0
172,413789,442208,21424.556948959056
173,328648,442180,423.3452172693565
174,844831,825117,3636.8553707154947
175,652162,530577,0.0
176,35301,581871,523.7326528836952
177,51309,200862,0.0
178,690928,622212,0.0
179,709789,569289,0.0
180,307077,853711,3926.7806119126662
181,583366,322141,638.2241052325771
182,770147,964615,1.3652594173861503
183,485327,530632,0.0
184,390708,919754,0.0
185,500243,580528,0.0
186,105101,155818,1911.1855233074866
187,592059,835492,0.0
188,35301,19394,0.0
189,609299,513102,0.0
190,922821,222168,0.0
191,606675,118072,272.8515673675075
192,388163,576534,0.0
193,292139,795806,666.2592945205035
194,428585,203088,0.0
195,921538,866793,2218.268943560125
196,269980,545860,4978.400132144278
197,739689,443963,977.3676361885794
198,544870,62959,3289.220062931418
199,230844,30048,0.0
200,133694,429117,0.0
201,872098,65027,0.0
202,304321,88581,0.0
203,922821,670344,0.0
204,602086,417921,1618.2080837362416
205,50241,929648,0.0
206,523601,940359,0.0
207,428998,477958,367.2858648142586
208,386252,490812,0.0
209,527585,530577,0.0
210,672075,203088,20461.5472213458
211,549879,719852,0.0
212,517910,853711,6662.2102247853745
213,674938,923116,0.0
214,379468,839768,113.07846150061177
215,629329,359220,0.0
216,738689,139708,0.0
217,836445,714905,626.9354955405263
218,728654,576534,0.0
219,162306,839864,243.7693244163602
220,677058,961450,8152.778183610922
221,696596,429815,2789.40116964044
222,865119,810856,249.47224340984405
223,702370,864193,39.702755953824116
224,889386,342381,2467.076167073424
225,12778,676985,3335.5282774375687
226,748236,683627,5863.500243855537
227,146050,882140,0.0
228,860559,343176,0.0
229,501724,103828,0.0
230,629275,371227,0.0
231,767243,810856,0.0
232,648669,720245,0.0
233,873523,352427,0.0
234,411817,419839,0.0
235,379357,528099,0.0
236,500846,156463,0.0
237,984969,107765,0.0
238,31327,753436,1798.3915163057413
239,144919,59550,0.0
240,52441,825117,0.0
241,17180,531167,0.0
242,113887,720245,42156.97328163836
243,798629,366172,0.0
244,180375,257446,1120.2848471767957
245,677984,998913,0.0
246,991074,244124,700.5134523180443
247,202511,404332,12740.720756794013
248,749597,817206,0.0
249,540926,146545,0.0
250,754834,341932,2891.8032504210537
251,84252,558292,622.6849286640846
252,680396,707607,0.0
254,208192,558834,0.0
255,899692,259282,0.0
256,578454,685284,0.0
257,759507,875661,6.988746096042535
259,619310,337599,2.7643698605714597
260,685281,860465,0.0
261,51230,697735,0.0
262,5545,964615,0.0
263,46049,322436,992.4868954769696
264,560178,282435,33922.8162896843
265,865119,695522,0.0
266,478885,693469,0.0
267,197033,20822,0.0
268,519266,918042,0.0
269,900442,768391,0.0
270,731718,257446,0.0
271,703680,785196,1401.1623424221125
272,779448,637840,0.0
273,366716,222168,0.0
274,412878,853711,1735.9712447048541
275,569729,947182,0.0
276,213799,750287,0.0
277,905328,289302,4555.133448329978
278,394550,969697,0.0
279,10146,133019,768.2304383978316
280,914075,481574,0.0
281,25155,306419,0.0
282,837400,637196,0.0
283,212905,741090,0.0
284,485420,276693,0.0
285,617317,550395,2177.909736129779
286,471115,628744,80.61830658393643
287,308024,417021,0.0
288,368320,512900,0.0
289,901815,477242,0.0
290,704863,877336,0.0
291,780239,458201,0.0
292,233229,589663,118.89943694217938
293,448583,590338,9.731521797939493
294,465371,720021,118.96751628847299
295,479968,43965,0.0
296,290643,2282,0.0
297,473629,964047,2482.8496766920357
298,287882,625262,0.0
299,751813,156463,0.0
300,12180,158427,2584.8464880196057
301,218067,720021,0.0
302,440649,683627,14302.12250047758
303,583366,290726,0.0
304,154142,961450,0.0
305,257365,110225,4032.1580147065915
306,425980,560212,0.0
307,162306,952765,58.31410921107054
308,717621,882140,0.0
309,941366,615562,0.0
310,926638,442208,84376.51282643972
311,805478,203088,0.0
312,278830,332403,0.0
313,892315,176088,43.39220951845116
314,728654,172260,658.1240100437377
315,687395,357060,0.0
316,23425,361613,2699.745604072857
317,996586,964047,0.0
318,13084,742056,0.0
319,914075,617660,0.0
320,303215,416657,0.0
321,30404,668067,1173.6725076977307
322,655693,956375,6382.1453004827235
323,572295,457602,0.0
324,388163,845658,0.0
325,275753,763239,194.068064269146
326,508803,173210,0.0
327,320710,367555,998.8441313358511
328,178036,632927,203.17651260640963
329,415534,78309,905.8223016362028
330,939109,357060,470.34912042836885
331,233713,668067,369.59017369352233
332,616727,810856,0.0
333,694983,617660,0.0
334,897835,252161,0.0
335,804132,412048,0.0
336,377658,332403,962.5061100757791
337,386404,30958,386.94167271682846
338,776400,86690,0.0
339,133263,70231,789.545783936537
340,909495,412048,0.0
341,527585,121800,2114.860323255114
342,3028,92051,62.432562295091486
343,91756,930630,0.0
344,367802,20945,0.0
345,274002,720245,0.0
346,943078,161791,10835.534663601586
347,16583,325011,0.0
348,312559,660918,0.0
349,946410,306419,72.21329275119012
350,646566,88581,5581.589105600817
351,958627,357060,239.79091511239326
352,798629,947232,0.0
353,198793,923116,0.0
354,629573,116583,0.0
355,535656,684955,1518.158662357785
356,320505,62959,0.0
357,325302,853711,0.0
358,139237,124092,0.0
359,226076,224759,0.0
360,277770,442180,754.8496524230366
361,919883,412048,12943.776675460302
362,202214,124092,0.0
363,385467,554209,0.0
364,300804,685277,0.0
365,600619,611677,0.0
366,430771,442180,456.33352242690665
367,921538,259282,3454.599379514014
368,733993,301921,0.0
369,877276,831838,0.0
370,520152,368515,458.44106136859614
371,29229,543648,952.5391292350879
372,980347,887902,0.0
373,314971,14510,0.0
374,872280,731343,254.61017670274222
376,13713,947232,0.0
377,88536,47251,0.0
378,533032,442208,0.0
379,149845,453204,0.0
380,461374,842353,738.5008059221364
381,397925,352427,13.390597909599522
382,748809,765421,3138.6340859008437
383,196165,975724,2308.0595733426585
384,550427,247498,0.0
385,198812,964047,0.0
386,361930,807942,0.0
387,675367,481574,22884.973575800755
388,981277,175115,0.0
389,550269,461718,0.0
390,872098,580997,369.5410536375528
391,29341,714905,0.0
392,501468,809910,0.0
393,581813,853711,18071.75582496206
394,687395,961450,0.0
395,468276,92883,0.0
396,623294,593407,805.5329898148422
397,515608,303318,0.0
398,968421,880878,1983.8222513592473
399,52929,968746,0.0
400,393604,432302,0.0
401,494116,419839,874.2729444903717
402,52933,845427,0.0
403,49766,324722,0.0
404,751455,442208,0.0
405,711852,419839,269.92480141859596
406,5334,429815,730.6817923878184
407,652344,622212,145.74610252840688
408,616467,77532,372.8503527582811
409,400867,142649,0.0
410,584174,684955,0.0
411,60438,680503,381.22232765125216
412,30404,218845,119.51029930659473
413,809698,918042,11085.078891189447
414,950407,285685,0.0
415,290858,865701,45.625766672555535
416,132102,720245,0.0
417,107122,810277,196.2363741922067
418,376613,95297,0.0
419,52933,838567,0.0
420,756469,85370,1280.9898273749661
421,197117,837231,0.0
422,628474,143964,0.0
423,509031,62959,3381.5723838881304
425,648400,901795,0.0
426,462373,918042,8943.014154277173
427,190171,720021,0.0
428,438811,593896,1414.9682745651069
429,705897,163987,0.0
430,886557,161470,3665.1852349502974
431,948660,361613,0.0
432,428585,134783,0.0
433,154714,85370,2688.957280143203
434,381409,134783,0.0
435,466354,325011,152.80087693766657
436,510457,361613,37241.834942392896
437,729324,728573,0.0
438,328887,892846,0.0
439,983454,443963,0.0
440,841967,155818,26.57330181879472
441,294105,558292,0.0
442,688082,176088,0.0
443,208530,520514,97.63611384784454
444,5334,755701,0.0
445,672617,904592,0.0
446,445584,720245,0.0
447,98012,481574,46538.16939543845
448,757732,429117,0.0
449,651842,404921,0.0
450,179421,332403,0.0
451,696944,467336,26141.36177395795
452,757708,805437,0.0
453,745745,85370,2316.9297899726384
454,773773,578968,0.0
455,830138,83760,985.7401792170361
456,816529,427016,0.0
457,74832,85370,0.0
458,786606,173540,2251.3368285415067
459,728654,343176,0.0
460,641101,359220,0.0
461,662690,59550,5881.545729548079
462,287882,720245,0.0
463,996946,581871,0.0
464,831962,695522,0.0
465,980347,121996,0.0
466,675367,285685,1805.2214150610857
467,32513,30376,0.0
468,391289,765004,2192.522508459469
469,109353,712748,18266.283154114626
470,91959,163987,581.6192911580063
471,329918,543648,4074.4889735660017
472,865448,797471,0.0
473,674371,483285,0.0
474,217484,139878,1428.6010740288152
475,923619,341932,0.0
476,235465,677576,58.0211601528014
477,522992,683627,5321.465812911843
478,259412,918042,10215.145812150122
479,109353,894544,0.0
480,356813,64135,3400.8945873211555
481,890152,30376,0.0
482,983077,359220,0.0
483,75683,343176,788.3076022766716
484,677984,132660,0.0
485,976972,318504,0.0
486,102809,357600,0.0
487,267531,936020,0.0
488,296720,905371,316.2419700279761
489,738728,579967,188.3871988954426
490,170321,155818,1710.3723069507123
491,60438,772796,0.0
492,249667,232504,359.2807155212916
493,226184,282435,0.0
494,623294,245135,0.0
495,580758,955087,1108.0370009102949
496,504578,720245,0.0
497,3859,417999,348.30569796009536
498,267531,567422,0.0
499,763494,337599,302.7959381634755
500,748236,337273,5634.92818390613
501,46098,54879,0.0
502,179421,7391,841.1080296739707
503,816529,15238,0.0
504,249741,785196,1391.2724936800068
505,742254,681692,2300.4624953563316
506,149710,918042,0.0
507,943753,342381,1014.7553471574431
508,565019,19394,1247.6092121753088
509,239215,684955,0.0
510,865119,442208,3371.258410253134
511,189144,879365,0.0
512,285752,631627,0.0
513,82245,740537,112.3936015797559
514,612336,595517,0.0
515,943405,706119,0.0
516,314004,175115,0.0
517,182917,878291,0.0
518,98220,358877,0.0
519,887152,656648,0.0
520,525454,181501,0.0
521,307836,366475,0.0
522,889517,210547,548.9130171721224
523,154714,175115,0.0
524,462373,191805,200.9224304930405
525,87432,139708,0.0
526,993278,955087,0.0
527,88833,481574,0.0
528,820043,853711,0.0
529,178036,419839,499.2544924263157
530,23425,181501,0.0
531,152292,88020,0.0
532,872280,746858,0.0
533,235170,647752,0.0
534,157849,546334,0.0
535,870695,671635,146.37445526865042
536,475311,569772,0.0
537,119912,964047,356.30211054974694
538,229999,309284,0.0
539,434435,359220,657.8086197068034
540,366716,653526,0.0
541,983003,395742,0.0
542,462373,430960,0.0
543,385920,168040,0.0
544,399241,110225,0.0
545,249741,83760,0.0
546,255238,593896,0.0
547,642482,377243,631.8203880082059
548,583524,429815,0.0
549,921500,442208,2549.8419886721645
550,443018,299201,0.0
551,915822,501406,0.0
552,578454,741090,0.0
553,725592,662929,578.4782066646476
554,299012,742056,0.0
555,35953,993433,0.0
556,388542,539831,0.0
557,987042,679564,0.0
558,461672,285685,1018.8425195130422
559,551116,942223,0.0
560,904490,707607,2985.0860409222914
561,245375,523230,0.0
562,777914,46858,0.0
563,84252,27852,0.0
564,141626,134783,1641.067745741508
565,32820,894544,803.2032881172986
566,446114,853711,12998.375746293994
567,280345,595651,0.0
568,788707,110225,4020.6769047129883
569,588774,998913,0.0
570,940112,892846,1857.698938867616
571,685438,325135,0.0
572,704863,203088,0.0
573,287399,695073,0.0
574,481517,965622,0.0
575,36989,252330,36.32647270558912
576,149710,631627,0.0
577,21197,8532,698.4085891799339
578,672075,707607,0.0
579,904490,353431,212.8113726798597
580,778023,924533,0.0
581,721041,40691,380.0654459159877
582,621581,479451,0.0
583,687507,368515,0.0
584,312559,753600,0.0
585,292231,358706,0.0
586,40167,685277,528.3915014886577
587,165064,792241,0.0
588,858927,200862,0.0
589,960673,209975,494.79197739487074
590,743002,699356,0.0
591,943753,706932,0.0
592,849071,169708,1429.6596160529605
593,933875,890120,25.73856680943749
594,502855,161470,3344.9656278752364
595,931636,866793,1074.9236880561436
596,689551,859848,86.54896030298548
597,905328,77532,3210.2361572739296
598,864274,853711,0.0
599,854305,546334,0.0
600,912876,528099,0.0
601,801034,83016,0.0
602,641101,878291,861.4131547371757
603,160531,838773,0.0
604,456045,172260,2435.1081833015933
605,820043,181501,62.959914097839665
606,980347,430087,0.0
607,546751,90870,0.0
608,472734,993470,0.0
609,572442,182948,0.0
610,134594,975724,9507.268991305615
611,278830,821099,1558.3343716115162
612,303215,799263,35.894757037629844
613,457566,961450,320.1583800642671
614,268330,77532,0.0
615,651183,161791,4336.661510428308
616,784469,197265,100.40024321637746
617,538866,323714,0.0
618,396793,356630,0.0
619,55408,762652,323.329523118132
620,956139,712748,335.7164914839796
621,950407,429815,0.0
622,539688,354754,1521.4708464544788
623,488972,427016,24077.347641768196
624,679277,463579,1655.2898661504514
625,717621,204071,83.09252774090996
626,147687,323714,520.4082671843921
627,344387,804852,0.0
628,646811,603814,0.0
629,106422,559634,0.0
630,400684,598237,99.61173069976087
631,83556,28824,0.0
632,857941,560212,0.0
633,921500,712748,0.0
634,155448,159881,0.0
635,397832,271305,0.0
636,931303,914322,0.0
637,693315,422993,0.0
638,960206,968746,0.0
639,841491,581546,0.0
640,560178,429815,23995.098071009965
641,135234,964047,0.0
642,220422,454172,0.0
643,461374,359964,0.0
644,930582,431405,2113.6803460255765
645,898340,959822,0.0
646,537780,151958,0.0
647,745745,332403,526.0032421852019
648,255238,785196,0.0
649,155813,546613,114.30813554160005
650,462373,853711,5654.948571025795
651,810951,842353,892.4067513373573
652,428286,837231,452.4354220901178
653,363327,124092,0.0
654,517362,155818,116.00102175747645
655,676545,667218,7.585724374898432
656,718811,830738,0.0
657,272515,252330,0.0
658,386252,720021,0.0
659,461672,845658,1221.8049274758873
660,767243,892846,0.0
661,290858,429815,12991.858718748234
662,548897,77532,0.0
663,199575,858686,0.0
664,35632,172260,0.0
665,921349,652478,0.0
666,548651,885751,0.0
667,764100,566781,0.0
668,206430,78544,0.0
669,822352,35691,0.0
670,776400,124092,25977.488067705977
671,381316,79564,0.0
672,155448,173500,543.0901050424499
673,626453,168040,0.0
674,879323,706932,0.0
675,625230,427016,4066.8519185697246
676,550269,467096,706.4846234547598
677,364412,794732,0.0
678,777692,172767,0.0
679,917331,280800,0.0
680,621581,76655,1911.9419785435846
681,676547,707607,0.0
682,994557,203088,16321.950785003812
683,363327,811014,911.9221332966171
684,44344,124806,0.0
685,217484,139878,1428.6010740288152
686,948660,825117,0.0
687,470988,407444,3387.17944126663
688,904490,576534,0.0
689,858239,617660,40290.67419326609
690,131584,541838,0.0
691,178090,197587,116.7859167313461
692,81638,626176,0.0
693,160451,88581,1305.8719101456809
694,893916,366172,0.0
695,962823,964047,0.0
696,380320,418352,0.0
697,680069,279019,0.0
698,329721,203088,25739.686987269495
699,338687,853711,2168.270150013178
700,665381,226012,409.2185997284165
701,806610,172260,0.0
702,596439,682351,0.0
703,179421,168040,12095.66048745932
704,502990,19394,0.0
705,402706,155818,259.82331210537404
706,101021,515894,0.0
707,173042,481574,360.6375577293313
708,329918,543648,4074.4889735660017
709,208237,603814,0.0
710,696944,724817,9471.629893505624
711,763874,697735,9022.391125762937
712,185706,324421,0.0
713,956839,945506,0.0
714,980278,477242,0.0
715,388542,68758,0.0
716,229032,841918,3280.929083135619
717,889517,500298,0.0
718,212644,289302,17694.614476759485
719,589816,665225,0.0
720,360936,83760,0.0
721,39784,449050,269.78862353645155
722,572310,853711,0.0
723,278374,746858,0.0
724,848198,858628,401.12802764303007
725,931256,530577,398.2961755725248
726,865855,354754,2131.203268036257
727,826268,531167,11803.150596234496
728,933875,137151,0.0
729,224720,834789,0.0
730,109410,993470,0.0
731,862531,810856,95.95048159283557
732,473629,467336,0.0
733,645088,892846,0.0
734,606750,203088,0.0
735,105101,323714,0.0
736,714063,595651,0.0
737,994520,94700,0.0
738,930068,490812,126.0314841565398
739,611929,603814,0.0
740,767243,837231,268.97323716974097
741,314004,433133,423.86771742859486
742,160451,88581,1305.8719101456809
743,128643,120514,63.1089372928766
744,263666,936020,0.0
745,329721,395742,3364.266811281805
746,500243,166932,378.15491942824235
747,956839,209750,4247.836400126599
748,495790,137151,27.44307876409754
749,97664,175115,0.0
750,953808,71619,0.0
751,139237,271305,0.0
752,235465,166845,517.5649465321915
753,345317,960105,0.0
754,702113,155818,13866.168154363373
755,936230,720021,0.0
756,996946,256944,1037.4578067861123
757,494923,203088,19814.437820448027
758,387838,419839,0.0
759,57955,882140,951.3261993560302
760,9072,968746,0.0
761,189144,849673,0.0
762,259412,124092,0.0
763,280445,445880,0.0
764,614659,860838,2.212207219415399
765,317525,133305,0.0
766,248522,421230,0.0
767,208084,707607,20.511451258350828
768,20501,720021,0.0
769,200749,422993,0.0
770,60438,7391,0.0
771,239119,531167,7128.089170687011
772,214829,368515,0.0
773,717621,720471,0.0
774,16583,161791,169.72421072326043
775,149845,161791,0.0
776,708871,945506,0.0
777,594395,200862,0.0
778,962823,266299,0.0
779,783758,244124,0.0
780,456045,926341,0.0
781,939571,181501,0.0
782,94085,33540,0.0
783,677058,481574,0.0
784,261329,558292,619.8465202971754
785,738689,636297,0.0
786,939238,347465,0.0
787,811101,841332,911.1045544928668
788,393955,404332,75.07526010857669
789,183541,660710,10.016829304549669
790,583328,955087,0.0
791,342670,467336,0.0
792,869053,561824,1972.0344913894182
793,759507,59550,0.0
794,285752,978372,0.0
795,520152,417999,1499.4133967256935
796,166096,779403,0.0
797,23413,458201,0.0
799,863527,124291,0.0
800,255026,947182,0.0
801,252585,349340,40.968653674965864
802,550465,926341,0.0
803,676169,817299,0.0
804,714512,11502,2723.4406699541046
805,375550,648994,0.0
806,940375,353431,0.0
807,946410,493058,0.0
808,535656,244124,0.0
809,387838,161791,9239.474462183905
810,690769,43965,0.0
811,778959,850645,0.0
812,878123,941421,0.0
813,930582,161791,0.0
814,32813,442180,0.0
815,877034,975724,4437.250025743546
816,405415,209750,0.0
817,802814,437750,0.0
818,138760,354754,427.3078929684134
819,769063,33540,0.0
820,369563,308431,126.21938467497476
821,863527,55333,0.0
822,229536,695937,0.0
823,553919,298381,0.0
824,307077,173210,0.0
825,891024,209750,0.0
826,674371,71619,0.0
827,679277,731343,387.85979248884087
828,208237,131361,89.01826951792562
829,494923,203088,19814.437820448027
830,670600,510309,0.0
831,87420,322141,0.0
832,484907,203088,4121.501244417788
833,141626,467336,0.0
834,643349,85370,87.68492062315184
835,804482,763185,0.0
836,46079,124806,889.4056539674049
837,920883,882140,554.8929026261559
838,221082,34924,1063.2410431639626
839,148529,68618,439.8924964174185
840,835455,513102,0.0
841,821723,744225,610.3182554576096
842,381742,454172,0.0
843,84252,419839,625.0511977699887
844,674938,165206,0.0
845,713609,33540,0.0
846,35301,569772,0.0
847,323213,943114,0.0
848,320312,231924,0.0
849,406426,742056,0.0
850,54907,279434,0.0
851,648669,99737,830.5548320421085
852,343297,593407,2631.698898504749
853,936489,173210,0.0
854,739689,207572,233.74568593109737
855,983454,943000,0.0
856,328887,11502,3746.972451240828
857,984969,508732,0.0
858,415685,175115,3202.1714571798775
859,154611,372792,1366.249987023186
860,788474,207572,0.0
861,10146,429815,3066.921929604785
862,5334,911765,44836.56913229002
863,280345,500298,0.0
864,198812,697735,3605.3213995060796
866,128643,252330,3840.275782234556
867,367242,737971,0.0
868,227356,701088,0.0
869,962823,689022,3150.541191584875
870,360936,765004,0.0
871,825437,845658,35.527027664203366
872,314004,785196,0.0
873,983077,710003,688.3683539549953
874,956139,124092,0.0
875,9797,62959,0.0
876,427619,139708,0.0
877,926285,967776,0.0
878,841967,918042,0.0
879,956139,156463,0.0
880,983454,117240,5563.008495363968
881,197033,593407,0.0
882,238350,313852,358.2742897920259
883,292771,683627,9476.543867936776
884,590674,284898,0.0
885,652256,120514,0.0
886,379529,175115,0.0
887,831804,601564,29.70104703866057
888,300740,442208,5212.364032964392
889,781907,239589,0.0
890,477165,918042,10258.02181797748
891,950278,182948,33.399566008129646
892,72732,276693,0.0
893,734572,357060,1013.0773996617421
894,541390,134783,2915.161714670316
895,486723,918042,0.0
896,680069,83760,294.02046859202187
897,300740,617660,1542.2953405185192
898,249741,810277,0.0
899,784623,166845,511.30784333530147
900,255238,407954,0.0
901,52933,172970,0.0
902,715340,59550,0.0
903,318613,968423,0.0
904,996946,419839,0.0
905,170321,880878,0.0
907,758559,373880,0.0
908,995474,685277,534.7368836929841
909,950278,111351,24.491742214828804
910,218312,528099,8786.914344817398
911,518921,442180,0.0
912,445584,202503,0.0
913,641245,154970,0.0
914,962823,964047,0.0
915,580763,325752,0.0
916,891017,43041,0.0
917,588774,880878,671.3040819473581
918,484907,134783,0.0
919,102625,417921,0.0
920,435858,631627,0.0
921,565019,676985,0.0
922,15762,397791,0.0
923,952776,83760,0.0
924,321831,841918,1969.5432624442258
925,9797,244124,543.5743305321505
926,909826,569289,0.0
927,702370,230551,0.0
928,436879,530577,0.0
929,461374,668067,0.0
930,931636,990451,263.90759590105404
931,511164,991841,0.0
932,552679,580751,0.0
933,896821,181501,0.0
934,864274,831838,95.18400249752587
935,558817,539831,149.3413389020285
936,338687,683627,0.0
937,68322,807942,0.0
938,490549,99737,1669.162560096317
939,635419,918042,20608.882061261887
940,784451,353431,1083.380781098771
941,321831,926341,0.0
942,278830,716602,0.0
943,781907,239589,0.0
944,756469,133019,100.82009138707633
945,154832,231924,1026.7911274980984
946,845634,465904,0.0
947,393955,546334,0.0
948,307836,285685,1620.161912156171
949,372854,217961,1318.8165160699384
950,380320,582264,307.61227534597623
951,138760,786341,2188.213525996142
952,932825,161791,756.5519398749622
953,475311,392334,854.9719821321255
954,908195,680503,5936.408311411983
955,119317,974267,0.0
956,239119,977491,0.0
957,572310,789786,0.0
958,642984,366462,0.0
959,198599,866793,0.0
960,308024,417021,0.0
961,763874,128283,0.0
962,514757,22156,219.83971658181864
963,858239,34924,0.0
964,97664,200862,0.0
965,684086,466274,291.5352897875299
966,160451,88581,1305.8719101456809
967,287399,372657,0.0
968,164135,337273,3180.0111610048216
969,143176,880878,592.9882099313018
970,145,430087,244.00446130841274
971,364412,681692,0.0
972,884287,853711,0.0
973,216482,71619,506.24132423081585
974,662733,759621,0.0
975,299012,850104,59.425479384314926
976,583351,880878,1790.8957565709784
977,416958,943498,47.738388793301226
978,69792,733553,462.25211052170675
979,387456,595651,0.0
980,243896,252933,577.8109594196244
981,152991,361613,6745.30616509324
982,858258,568205,0.0
983,46049,894544,2588.1249787170905
984,502855,442208,0.0
985,413862,442208,0.0
986,50105,278891,0.0
987,863817,998913,1629.8250556538903
988,490549,422993,0.0
989,656748,840981,0.0
990,562020,965622,681.5066273910625
991,244421,530632,289.1022126816342
992,559800,43055,0.0
993,549429,853711,13894.980418682078
994,363327,837094,151.1976146203804
995,778959,353431,0.0
996,978744,305866,0.0
997,833290,694628,503.5583706601456
998,939571,361613,461.6190848631834
999,295282,914322,562.1293256317878
1000,777692,693469,6069.749855860046
1001,588548,357060,0.0
1002,536001,814031,79695.04792671143
1003,321831,690691,0.0
1004,764148,969697,20829.685412527353
1005,14688,655018,150.04789146639033
1006,144562,765421,2783.739093734118
1007,107122,311506,0.0
1008,812593,81663,50.489224967362965
1009,624871,974267,0.0
1010,674938,817299,0.0
1011,110303,442208,0.0
1012,619310,230551,145.4033659959216
1013,886976,595651,0.0
1014,292231,357060,0.0
1015,863527,19394,0.0
1016,927895,785196,0.0
1017,175764,845427,0.0
1018,888338,176088,44.77195445651869
1019,742254,427016,756.9919621209606
1020,324446,453949,6408.107441137095
1021,652256,757587,869.5178336126538
1022,680069,720245,0.0
1023,784451,111351,0.0
1024,677025,631627,0.0
1025,296676,923116,0.0
1026,341782,222168,2230.392420152051
1027,27282,685284,0.0
1028,494116,155818,0.0
1029,447121,528099,8627.36671778263
1030,510562,230551,1032.1573138147783
1031,677984,124092,0.0
1032,214829,546334,2283.849618357522
1033,209564,405050,250.01548192442883
1034,726374,912372,390.7713140862846
1035,345522,235559,724.7079460671908
1036,118098,513102,0.0
1037,786606,467336,0.0
1038,17180,913809,612.3118734732218
1039,889399,853711,0.0
1040,846172,155818,2329.3333182180054
1041,67558,307791,0.0
1042,929711,710589,268.01619532309405
1043,698431,693469,0.0
1044,488932,992122,633.2186182099849
1045,541424,154970,0.0
1046,160531,75840,0.0
1047,168346,481574,9600.861791605279
1048,447968,418786,383.56252498247204
1049,663510,161791,22914.292096399335
1050,435858,97764,0.0
1051,805478,442208,31741.076198383413
1052,551116,676985,0.0
1053,792165,467336,0.0
1054,30144,250431,0.0
1055,1539,158427,0.0
1056,982806,660174,0.5155143609557207
1057,119317,24488,40.45960411074227
1058,417037,323714,2465.6635347844062
1059,617795,728573,0.0
1060,213860,579967,0.0
1061,783042,528099,5334.3013083622745
1062,820043,576534,0.0
1063,513869,720245,7443.336030788921
1064,292231,720021,2366.8513542519713
1065,872280,821099,1903.5723996965644
1066,418840,546334,0.0
1067,24901,467336,0.0
1068,945432,887902,0.0
1069,243588,121020,0.0
1070,782334,615562,1369.2610749230464
1071,961018,282435,0.0
1072,735011,503267,178.96547471122142
1073,395918,558616,0.0
1074,82245,825117,359.969903880533
1075,40167,222168,0.0
1076,187469,124092,0.0
1077,59627,230551,0.0
1078,173108,658396,0.0
1079,280345,312649,1227.3655748906476
1080,537780,151958,0.0
1081,792900,842353,2786.9909766421747
1082,249741,683627,75167.06065865637
1083,109576,681692,1842.1615679050158
1084,994520,62959,0.0
1085,676547,383272,0.0
1087,387456,782278,1177.6938203906386
1088,381409,842353,0.0
1089,22741,619680,0.0
1090,978528,578968,0.0
1091,112134,15238,0.0
1092,916590,19394,0.0
1093,200749,652478,0.0
1094,940045,50627,0.0
1095,457741,82472,0.0
1096,999975,337273,952.5855648303661
1097,702113,124092,43333.3334495875
1098,445459,617660,0.0
1099,560178,347465,0.0
1100,927331,950005,0.0
1101,208224,837231,0.0
1102,183541,268162,0.0
1103,572310,586320,0.0
1104,413789,156463,0.0
1105,272968,853711,8586.41011085453
1106,580758,579967,305.1780193193429
1107,971290,15238,0.0
1108,428585,134783,0.0
1109,127409,251377,0.0
1110,772157,124092,0.0
1111,300804,493058,0.0
1112,834971,761992,0.0
1113,146170,772796,0.0
1114,596916,442180,2464.3281361848026
1115,694461,833579,0.0
1116,687395,357060,0.0
1117,226076,546334,7494.9626520385
1118,878123,50627,0.0
1119,198694,397791,306.8341467949034
1120,670600,510309,0.0
1121,469180,610393,0.0
1122,572442,716602,0.0
1123,237425,62760,0.0
1124,999975,765421,0.0
1125,826214,124092,0.0
1126,351038,682351,10094.057705939429
1127,708871,358877,1463.6251811007767
1128,893916,464465,787.0498133229173
1129,202173,531167,80.0612996244364
1130,40167,853711,13885.321793225872
1131,980347,13960,0.0
1132,553396,247498,0.0
1133,845632,618540,0.0
1134,386252,979791,146.11094282273476
1135,601817,843807,790.1790360686439
1136,204933,27852,0.0
1137,578454,231924,432.15783646291885
1138,983979,79564,0.0
1139,767217,752391,154.40617967879714
1140,178036,707607,0.0
1141,572442,817206,0.0
1142,508803,944806,0.0
1143,217877,779403,308.1673145100965
1144,860559,378771,0.0
1145,198694,442208,0.0
1146,13084,944806,0.0
1147,994931,220331,487.1463295981074
1148,489729,629128,0.0
1149,564202,429117,592.2426397040854
1150,617317,902478,1080.2731385056634
1151,452902,449058,0.0
1152,820777,417293,0.0
1153,784451,707607,0.0
1154,509937,194983,512.9860486262846
1155,518921,442180,0.0
1156,316303,442208,0.0
1157,583366,322141,638.2241052325771
1158,500846,404332,2364.4200134021944
1159,921349,593896,2624.2708751157998
1160,589816,200991,0.0
1161,838702,892846,509.1291632773589
1162,777914,945506,0.0
1163,536265,622212,0.0
1164,617317,481574,3405.4605557192895
1165,834971,500298,0.0
1166,991163,825117,7680.342042899956
1167,235413,154970,1119.6346418025214
1168,485327,563716,206.32566978644107
1169,143176,880878,592.9882099313018
1170,104494,493058,57.80060330212619
1171,846172,958530,787.9577516203145
1172,183697,419839,0.0
1173,208237,984203,0.0
1174,182917,772796,0.0
1175,307836,578968,1569.5811101123775
1176,21485,697735,6278.297770736795
1177,662733,263311,0.0
1178,633800,960493,0.0
1179,804583,59550,0.0
1181,239119,892846,0.0
1182,387451,341932,847.426772481543
1183,365616,68758,0.0
1184,173108,530577,0.0
1185,867717,776827,0.0
1186,300740,810856,1647.3899616320302
1187,405415,166932,935.242597598706
1188,150265,122935,3743.735475356972
1189,226184,193033,198.53280127457737
1190,887167,62959,227.69975660939852
1191,533645,936020,0.0
1192,320505,357060,3163.7262849110625
1193,921500,849673,0.0
1194,548221,610392,0.0
1195,368452,467096,365.3846074651956
1196,363878,230502,0.0
1197,212256,284898,0.0
1198,980347,419839,3868.2914615318946
1199,943078,974267,2133.158490887919
1200,779163,203088,2308.560286731232
1201,757708,528099,4632.896835001166
1202,583085,6139,135.66784365961146
1203,30727,217762,1.9793354430941839
1204,561339,887902,0.0
1205,909495,693469,0.0
1206,374572,134783,47.34342922392159
1207,884287,134783,0.0
1208,901815,155818,0.0
1209,477165,926341,246.51096631651427
1210,721041,292823,0.0
1211,68322,45981,0.0
1212,951876,263311,0.0
1213,875919,772796,0.0
1214,632109,364227,0.0
1215,773773,885751,0.0
1216,956839,11502,10247.06552877914
1217,301337,361613,398.0401958546502
1218,675367,969697,0.0
1219,145284,379168,0.0
1220,858239,222168,0.0
1221,102809,132768,0.0
1222,136343,707607,0.0
1223,873129,720021,0.0
1224,743325,166932,96.01497147043821
1225,344387,322436,0.0
1226,280445,361613,6808.934081275229
1227,83556,175115,0.0
1228,220518,362489,0.0
1229,185706,944806,0.0
1230,750533,768391,1511.3922858048174
1231,834971,733338,0.0
1232,107122,33540,0.0
1233,757708,828986,0.0
1234,879323,417999,0.0
1235,185706,85370,0.0
1236,387838,358492,379.17188323744983
1237,152481,421381,0.0
1238,435311,530632,0.0
1239,385467,890771,34.21918087304963
1240,890152,64135,0.0
1241,909244,838276,0.0
1242,749597,811014,2093.538347143346
1243,833025,299199,0.0
1244,515608,701088,1218.6810741610211
1245,194857,449050,978.5908942976878
1246,617795,481574,0.0
1247,584862,681692,11003.780428949221
1248,890236,912312,0.0
1249,749597,311506,408.72129068891337
1250,217484,121800,1920.723023297045
1251,546836,68758,0.0
1252,615851,720245,5276.021222568407
1253,202173,341932,0.0
1254,547245,337273,1897.4372194885366
1255,130948,648801,0.0
1256,24807,494777,0.0
1257,819064,22989,0.0
1258,499564,706119,771.1126174579584
1259,310461,531167,0.0
1260,676547,982698,0.0
1261,405415,352427,0.0
1262,625230,99737,0.0
1263,308469,510343,0.0
1264,609299,203088,4404.843755624356
1265,51230,817206,0.0
1266,227356,361613,0.0
1267,824555,639983,0.0
1268,933875,807942,330.00521044874677
1269,208237,172260,0.0
1270,782910,855224,95.23519167355407
1271,510562,22989,51.66487694484832
1272,917325,768391,0.0
1273,425517,508949,1066.4889173075023
1274,223302,513102,0.0
1275,233229,543648,195.47659191938644
1276,307077,222168,471.1600721562422
1277,958627,890120,0.0
1278,889399,461185,725.8398877005627
1279,749499,767751,0.0
1280,46049,789786,739.5647947648104
1281,137040,720021,7237.715753926984
1282,88225,626986,0.0
1283,788474,207572,0.0
1284,120748,944806,0.0
1285,455432,280800,231.5954809301391
1286,798629,501406,0.0
1287,856725,505424,2198.62182310954
1288,694461,365434,0.0
1289,569729,947182,0.0
1290,444135,337273,1422.4505811467805
1291,619849,915961,0.0
1292,377319,944806,0.0
1293,550427,720021,0.0
1294,51230,853711,249.42217193265606
1295,374572,656648,0.0
1296,12180,34924,0.0
1297,150265,660174,179.36560675890075
1298,227443,166845,0.0
1299,314004,332403,0.0
1300,135153,493058,0.0
1301,91355,71619,778.4997430119342
1302,301186,361613,0.0
1303,195691,853711,2527.3225104687635
1304,174752,969697,1799.2273233283897
1305,336630,717014,349.30598889029136
1306,191061,896897,0.0
1307,602086,955087,0.0
1308,992466,610392,0.0
1309,633398,959822,0.0
1310,655693,419839,0.0
1311,572310,467336,0.0
1312,993698,845427,0.0
1313,12778,508949,0.0
1314,370851,81586,771.2465210899851
1315,568086,733553,0.0
1316,101403,810856,0.0
1317,400288,127368,809.4523436535111
1318,202214,176088,1057.2311982685756
1319,106743,272463,4009.6908602952026
1320,117383,426319,0.0
1321,804132,163987,0.0
1322,233136,745054,0.0
1323,103719,595651,0.0
1324,857999,205688,711.3303086292367
1325,522992,285685,0.0
1326,830138,467336,38977.867497381674
1327,387451,950993,0.0
1328,992466,19394,0.0
1329,593103,427016,0.0
1330,784715,662929,313.16775090046303
1331,125115,357060,0.0
1332,523601,327235,4351.169262099717
1333,249667,98678,0.0
1334,908195,158535,342.879868775515
1335,179421,683627,0.0
1336,725592,313536,77.93904297032833
1337,235413,59550,0.0
1338,385510,560212,1409.9170432338906
1339,495692,139045,0.0
1340,271278,490812,0.0
1341,887200,429815,7967.986167993787
1342,169645,343176,0.0
1343,983674,414172,0.0
1344,889399,111351,1206.0272791084483
1345,729972,361613,22622.01524879248
1346,980347,197651,0.0
1347,213860,356630,0.0
1348,685438,918042,0.0
1349,173042,466431,528.7291868262508
1350,454428,354754,0.0
1351,385467,298381,0.0
1352,590674,760269,0.0
1353,567216,772796,0.0
1354,40413,313852,0.0
1355,279138,337610,1091.1448966582896
1356,135153,853711,0.0
1357,143176,878826,4941.750187015034
1358,871393,918042,4982.776118927571
1359,25383,765421,0.0
1360,779448,467336,7087.579685938578
1361,113887,831838,0.0
1362,70420,417921,4131.694909107279
1363,154186,719321,0.0
1364,583085,419839,0.0
1365,179421,325135,0.0
1366,872280,203088,1545.1358791513728
1367,753692,660124,4238.8411284995755
1368,544870,298381,719.7987524379354
1369,326381,21244,0.0
1370,212644,865987,1316.8176443795935
1371,398903,628744,564.6512456210463
1372,939109,375031,0.0
1373,435858,244124,0.0
1374,915822,610392,0.0
1375,617866,740537,260.69223976433886
1376,24901,172767,0.0
1377,472016,158396,182.16930996399634
1378,117648,85370,1617.0713099632396
1379,956139,161470,0.0
1380,101403,634974,0.0
1381,921349,600576,0.0
1382,784623,219307,0.0
1383,909244,166703,1.5396716177759382
1384,662690,880536,0.0
1385,275713,974957,0.0
1386,674371,865987,0.0
1387,550465,30048,0.0
1388,987042,956375,4866.315745312663
1389,994374,563793,0.0
1390,264895,230551,2309.658772141863
1391,132271,873407,0.0
1392,497095,175115,0.0
1393,663510,324722,0.0
1394,504078,712748,16809.793860067915
1395,166107,404332,0.0
1396,580347,467336,0.0
1397,349749,120514,0.0
1398,314971,121308,98.7197620465419
1399,607890,843062,0.0
1400,738689,695522,4670.364745559963
1401,88833,369424,0.0
1402,927331,81586,9371.661912028787
1403,701078,676985,0.0
1404,798629,720245,6892.6734269909375
1405,98220,940359,0.0
1406,12494,169708,0.0
1407,890236,930630,0.0
1408,14468,675314,0.0
1409,92970,697735,0.0
1410,830138,442180,0.0
1411,705632,569289,0.0
1412,857999,569772,0.0
1413,534751,853711,0.0
1414,506480,247498,867.6116072511337
1415,322877,371227,0.0
1416,235452,359220,53.68800812446893
1417,132271,138281,0.0
1418,134594,46696,129.863695736685
1419,441435,682351,2017.3609907374619
1420,558817,528099,5098.765881740284
1421,15762,189673,209.4908640921432
1422,687155,823729,444.43891679646435
1423,531278,830826,53.96633919119846
1424,145284,790991,0.0
1425,954515,845658,0.0
1426,178036,181501,151.89404194479735
1427,995474,843062,0.0
1428,778023,882140,0.0
1429,700784,606225,0.0
1430,665381,737971,0.0
1431,541390,134783,2915.161714670316
1432,198793,322436,0.0
1433,326381,610392,22.313816793790902
1434,770147,133305,0.0
1435,933424,780093,0.0
1436,886557,395742,0.0
1437,402936,913129,367.8275719783748
1438,189623,467096,2440.406972044152
1439,74017,482465,927.2311385369654
1440,71369,728573,518.5016943992064
1441,991436,916093,108.14287145822448
1442,583351,161791,4659.791128993222
1443,46049,956375,11172.35505239548
1444,613750,513382,0.0
1445,527585,154970,0.0
1446,770147,842353,0.0
1447,951876,211286,891.6832908605686
1448,959850,580997,2969.612165795605
1449,837400,809762,262.8449836369726
1450,798629,124092,1169.0151550471644
1451,508580,442180,0.0
1452,225106,589953,0.0
1453,875987,161791,0.0
1454,144771,181501,449.1993390610643
1455,476123,197587,0.0
1456,872098,173540,0.0
1458,821622,991841,107.7605909961497
1459,153473,11502,524.9799256172136
1460,819316,923116,2221.771745557283
1461,485420,653526,848.3181753870937
1462,749597,968423,0.0
1463,589816,166845,0.0
1464,88536,90870,0.0
1465,492335,313852,654.2943206717455
1466,764100,66853,0.0
1467,421038,6139,0.0
1468,965592,835492,956.3382607108076
1469,909173,576534,0.0
1470,836445,714905,626.9354955405263
1471,72444,119506,0.0
1472,454933,19394,0.0
1473,498989,158427,0.0
1474,918090,720245,0.0
1475,855085,644221,598.9613959353217
1476,875987,755701,0.0
1477,425517,419839,0.0
1478,160199,671635,1326.871256105476
1479,590674,239589,0.0
1480,399905,133019,0.0
1481,699658,178147,0.0
1482,599046,825117,7598.649825816422
1483,263144,558834,0.0
1484,940375,359220,1378.0380181411176
1485,499932,865987,0.0
1486,457220,984203,4761.8005599456
1487,352318,827034,0.0
1488,292139,327235,0.0
1489,718042,918042,23608.063455025913
1490,652344,412048,0.0
1491,539688,716602,0.0
1492,569192,657582,628.6307065340158
1493,589614,776827,0.0
1494,792900,550395,153.753696216511
1495,653180,342381,0.0
1496,904490,134783,975.7390932203971
1497,55408,538378,602.2740565046921
1498,220422,837187,0.0
1499,709535,950005,0.0
1500,417037,392334,1924.6706527500342
1501,88536,742056,0.0
1502,12180,600576,4707.210347303593
1503,264058,740213,0.0
1504,23921,689022,0.0
1505,339740,885378,0.0
1506,594395,134783,7.935382085039914
1507,748640,92270,0.0
1508,517910,209750,260.1483959715103
1509,446114,181501,0.0
1510,705897,430960,0.0
1511,67558,395742,0.0
1512,439346,343176,1134.582820455911
1513,828331,161791,1661.5803593988883
1514,892491,200991,0.0
1515,931169,298381,0.0
1516,189623,640865,550.8838780115412
1517,397925,404332,0.0
1518,956839,731646,1758.9271962766086
1519,36970,660174,108.56074756953005
1520,106422,559634,0.0
1521,141927,618578,0.0
1522,391289,955087,2978.683085680306
1523,263666,689582,0.0
1524,12180,600576,4707.210347303593
1525,489729,850645,0.0
1526,789805,652478,96.74055797192399
1527,491298,279434,3511.0794188876403
1528,572442,337273,5041.970289568081
1529,117648,660710,175.7857696995695
1530,280989,414172,0.0
1531,328887,90870,0.0
1532,317525,132660,0.0
1533,322417,935585,10826.348098638917
1534,85151,785196,0.0
1535,38878,918042,0.0
1536,731718,232504,0.0
1537,607020,107692,0.0
1538,403396,618578,0.0
1539,920883,354754,0.0
1540,98940,366435,0.0
1541,229536,212366,290.6630382731028
1542,12778,975724,0.0
1543,509937,998913,0.0
1544,784616,3894,0.0
1545,877276,668467,0.0
1546,784623,352427,723.059910303235
1547,632522,742092,480.4337234499586
1548,400288,222168,0.0
1549,382421,209750,0.0
1550,669256,442208,1393.0670979352521
1551,805478,683627,4951.067904789669
1552,199575,850645,957.2000261823734
1553,429368,212366,0.0
1554,502855,853711,8110.092350306454
1555,679107,384028,51.7942522100114
1556,55053,895595,0.0
1557,675367,361613,0.0
1558,672075,429117,0.0
1559,790888,168040,0.0
1560,927331,109628,0.0
1561,654489,202503,0.0
1562,139237,354754,0.0
1563,152478,203996,370.8183550057318
1564,259799,710003,155.36663929051494
1565,8900,964047,0.0
1566,920883,660174,545.6830913503612
1567,55408,682351,0.0
1568,314971,720245,0.0
1569,270111,415782,100.62514299754473
1570,705632,569289,0.0
1571,118488,752391,0.0
1573,185660,866793,2032.6948326855045
1574,72444,890120,0.0
1575,30144,712748,823.2380480668161
1576,266071,28920,0.0
1577,984969,252161,0.0
1578,40167,311561,0.0
1579,173042,601908,0.0
1580,102901,543819,0.0
1581,390708,845427,163.83207286155258
1582,30727,20945,0.0
1583,143176,78544,1246.7175196927158
1584,709789,958530,3091.5173340529445
1585,160199,390190,0.0
1586,960206,85370,8936.597240497998
1587,161042,962732,14789.458124081173
1588,402769,926341,0.0
1589,202335,617660,0.0
1590,642482,246334,0.0
1591,519266,63682,1900.1131773462935
1592,312559,913809,0.0
1593,238972,950081,195.22339583536143
1594,325302,155818,0.0
1595,267531,964047,0.0
1596,508406,312649,2299.6418812822153
1597,960206,745054,0.0
1598,994931,814246,0.0
1599,820860,839911,1039.2882488681973
1600,32806,940359,1037.1904051664478
1601,424504,546334,32652.990626420145
1602,314004,442180,0.0
1603,837172,442208,0.0
1604,393604,453204,0.0
1605,224720,95297,0.0
1606,695893,670344,0.0
1607,393955,85370,0.0
1608,367242,431125,0.0
1609,711400,887902,0.0
1610,484907,265980,0.0
1611,646566,64135,0.0
1612,102625,24488,0.0
1613,888088,676985,0.0
1614,681518,821099,614.0546689985559
1615,749499,230551,0.0
1616,728367,322436,0.0
1617,787676,672235,0.0
1618,978528,429117,488.3592962613512
1619,677025,508949,22.996281139298166
1620,91756,785679,0.0
1621,549525,853711,0.0
1622,787417,359964,0.0
1623,923619,270910,0.0
1624,400867,528099,0.0
1625,737755,957839,0.0
1626,74425,589532,0.0
1627,568086,936020,0.0
1628,890113,853711,5988.47171221148
1629,235170,569118,0.0
1630,536265,528099,0.0
1631,530390,866793,521.949049318742
1632,977079,313852,2827.7225829360887
1633,389769,875119,334.281721342041
1634,428998,49726,444.37245069654983
1635,97664,821099,0.0
1636,575204,252161,150.69844751098682
1637,699658,528099,0.0
1638,791435,70231,1572.4851804680095
1639,846009,85370,2351.4140837011923
1640,721150,676985,4168.149160821874
1641,275713,111351,0.0
1642,194857,412048,5681.613984594766
1643,170550,402992,0.0
1644,723044,417293,0.0
1645,754834,244124,0.0
1646,822352,199701,291.98646661685245
1647,235170,352075,0.0
1648,177443,964047,0.0
1649,969286,64135,0.0
1650,987325,181501,0.0
1651,617846,828819,880.2896083620201
1652,33121,80605,0.0
1653,956839,11502,10247.06552877914
1654,367802,265964,0.0
1655,888088,404921,0.0
1657,520893,384028,580.1968878582769
1658,809698,442180,0.0
1659,165614,175115,0.0
1660,736141,831838,0.0
1661,96798,807942,0.0
1662,973459,352427,0.0
1663,237425,157172,0.0
1664,809388,49317,0.0
1665,545414,498393,0.0
1666,208084,477242,0.0
1667,994374,701088,3764.9874924535757
1668,572310,442180,2586.4756761222475
1669,640518,59550,3726.3509505157767
1670,83635,637840,188.78763917697455
1671,144562,173540,4369.074936145522
1672,776400,378771,0.0
1673,16583,528099,330.2563712559031
1674,190904,268162,0.0
1675,893916,124092,6796.774173275582
1676,179421,926341,0.0
1677,701078,110225,9328.50636116632
1678,202247,467336,47560.22630738158
1679,930675,133019,0.0
1680,852394,85370,1191.927560650714
1681,177443,746858,0.0
1682,562020,530577,0.0
1683,197033,748799,0.0
1684,82245,853711,0.0
1685,500846,359220,0.0
1686,413789,325135,237.378747148696
1687,879323,989717,0.0
1688,202214,779403,4991.354750231242
1689,130226,617660,0.0
1690,271278,15238,0.0
1691,994557,134783,303.51572465057353
1692,227443,120514,0.0
1693,85436,166932,1747.7407781300453
1694,430771,40691,0.0
1695,800567,313852,1065.0633496046714
1696,594595,272463,0.0
1697,602238,838905,1656.2779700134415
1698,808515,706119,0.0
1699,412878,311506,0.0
1700,187384,698235,0.0
1701,356813,25918,0.0
1702,984969,80605,0.0
1703,416960,252161,0.0
1704,40413,419839,0.0
1705,502855,936020,0.0
1706,844831,34924,825.9684418302152
1707,949563,879164,1603.5681855952503
1708,50105,543648,230.37974387757043
1709,152481,610392,63.61241270139781
1710,434435,785196,0.0
1711,33464,845427,0.0
1712,948668,30376,0.0
1713,778579,957303,1224.7236098725268
1714,961715,161791,14965.235378468362
1715,873523,352427,0.0
1716,578024,353431,918.3291581339091
1717,304321,853711,5813.560306088828
1718,791435,103828,0.0
1719,417654,64135,0.0
1720,749492,64135,0.0
1721,185706,124806,0.0
1722,350827,277274,0.0
1723,51230,634974,0.0
1724,399905,203088,4601.971892923086
1725,857999,404332,0.0
1726,33464,303562,0.0
1727,184614,977586,591.8692288088852
1728,973459,166845,20.114071119529413
1729,377658,668467,0.0
1730,704863,578968,0.0
1731,633359,880878,0.0
1732,235413,209750,2772.1517473218714
1733,465371,372684,0.0
1734,98667,207572,0.0
1735,619079,158396,0.0
1736,233229,768391,1003.6044478891833
1737,845529,63682,4260.311066275003
1738,322585,693469,0.0
1739,277054,405050,0.0
1740,88833,744225,330.66176268475226
1741,46456,914322,0.0
1742,15762,668467,0.0
1743,647391,657859,579.1247464506231
1744,239727,683627,11821.778199227007
1745,501468,879164,0.0
1746,642482,209007,1689.101128953936
1747,3028,209750,0.0
1748,212710,90870,0.0
1749,472016,28920,0.0
1750,166292,530577,0.0
1751,633359,191894,1083.7662273876472
1752,277054,133019,0.0
1753,835622,197587,0.0
1754,423178,667537,0.0
1755,259639,974267,0.0
1756,845634,419839,0.0
1757,792165,134783,0.0
1758,789430,155818,0.0
1759,277054,343176,0.0
1760,214829,191894,264.2256102271709
1761,540926,279434,660.0145410286921
1762,857941,706119,0.0
1763,764096,821099,1363.362942285836
1764,834971,733338,0.0
1765,14468,675314,0.0
1766,912908,493058,0.0
1767,853921,172260,104.54547746570984
1768,164135,337273,3180.0111610048216
1769,469062,129281,0.0
1770,416960,166932,0.0
1771,45937,904169,0.0
1772,834376,169708,0.0
1773,909173,175115,527.3777305495313
1774,920883,660174,545.6830913503612
1775,965592,930577,0.0
1776,406426,950993,0.0
1777,103910,7391,0.0
1778,730687,133305,0.0
1779,629573,116583,0.0
1780,277054,956375,1474.140578986405
1781,803618,927649,0.0
1782,275753,390190,0.0
1783,680728,71619,0.0
1784,676545,419839,0.0
1785,821622,665171,0.0
1786,342670,947232,575.3042544170082
1787,494923,282435,0.0
1788,6135,493058,0.0
1789,931169,473976,3267.4610335237335
1790,655693,85370,1639.4374407703108
1791,492472,64135,1388.3011377822606
1792,364034,842353,0.0
1793,25155,645622,1120.7364757957314
1794,677058,720245,49478.68698809547
1795,422091,112277,0.0
1796,170550,302845,0.0
1797,402769,175115,0.0
1798,454897,516667,0.0
1799,824555,28920,160.4639909504294
1800,971793,765004,0.0
1801,292771,124092,1893.0095835095326
1802,103538,357600,0.0
1803,124877,440242,2.3101855760388927
1804,706244,614148,2154.803302193896
1805,88225,361613,0.0
1806,699074,541838,258.01350010810194
1807,459393,251377,0.0
1808,607890,95297,14231.50757187985
1809,369563,839911,111.08293519984474
1810,421565,134783,2080.5067212999265
1811,72738,9090,0.0
1812,396793,169708,843.2959616358409
1813,594595,442180,0.0
1814,971793,810277,1716.8149361578157
1815,445584,124092,13955.032952466281
1816,189623,442208,0.0
1817,617795,830738,1292.4605862183087
1818,896821,576534,0.0
1819,743325,671604,485.34941642056026
1820,960206,357600,0.0
1821,49050,64135,2638.2140192065413
1822,141927,618578,0.0
1823,966008,5626,0.0
1824,269980,674187,479.73319581249586
1825,402769,85370,1907.5287368788954
1826,370851,943498,0.0
1827,625230,676985,1875.0711932511256
1828,995957,853711,3715.0524687735356
1829,539688,707607,11464.81082466111
1830,155813,866793,680.3727021719864
1831,144562,158396,705.1340950479962
1832,50241,608480,5245.334398176659
1833,504523,342381,0.0
1834,757732,337273,0.0
1835,548221,282435,4613.71589275867
1836,951876,693469,0.0
1837,287882,955087,5823.251106332279
1838,890152,879164,0.0
1839,320710,322141,0.0
1840,638857,369725,0.0
1841,546836,218845,0.0
1842,502818,660918,2029.8695539197063
1843,725812,753436,0.0
1844,865119,332403,603.8719445706456
1845,568086,532822,0.0
1846,620868,433133,8906.098479693841
1847,132031,555325,811.0246942298638
1848,778959,332403,0.0
1849,33464,750287,0.0
1850,382421,270910,0.0
1851,638857,845427,0.0
1852,687155,158396,1364.8276905059058
1853,252634,21244,0.0
1854,259639,503267,0.0
1855,663510,676985,0.0
1856,854305,303562,0.0
1857,30564,812449,536.5414919595264
1858,249741,683627,75167.06065865637
1859,204172,347465,0.0
1860,91419,208721,852.4396710674769
1861,749492,158396,677.7704730092246
1862,713644,175115,3216.6704163546906
1863,196165,358492,5272.859718983182
1864,411790,220331,0.0
1865,929711,337273,16090.628854411707
1866,484907,134783,0.0
1867,568086,576534,0.0
1868,889517,516044,0.0
1869,559248,429117,0.0
1870,497387,807942,0.0
1871,341782,633474,2730.9275859876216
1872,294105,546334,0.0
1873,651183,974267,0.0
1874,983674,196949,856.8742629148953
1875,10146,644221,1348.4958622401475
1876,835455,618674,819.446475048956
1877,459818,652478,0.0
1878,751455,712748,0.0
1879,269328,567422,386.6641190667214
1880,499932,892846,621.8116301994054
1881,179421,442208,4044.460939451694
1882,758559,516667,0.0
1883,742254,208721,0.0
1884,522992,830738,0.0
1885,518921,962732,0.0
1886,593103,765421,1221.432609292152
1887,85752,577053,0.0
1888,149654,550395,0.0
1889,965700,475471,0.0
1890,84439,530632,0.0
1891,663510,528099,1078.7551674021138
1892,888300,923116,1299.52842881897
1893,648669,660918,0.0
1894,685892,442180,0.0
1895,877034,263311,0.0
1896,196145,442180,0.0
1897,165117,520816,0.0
1898,166694,407954,0.0
1899,709789,124092,22418.314727004512
1900,452902,442208,5100.720872791977
1901,49766,880536,0.0
1902,90694,978372,0.0
1903,582638,978372,0.0
1904,548221,155818,0.0
1905,3859,107692,0.0
1906,33464,71619,0.0
1907,460157,64135,0.0
1908,239727,567422,0.0
1909,253537,936020,0.0
1910,567216,306419,0.0
1911,807227,15238,1040.711809633629
1912,614445,731343,0.0
1913,690769,172260,0.0
1914,541424,465904,0.0
1915,677984,222168,246.53227861093444
1916,103910,858686,0.0
1917,617866,175115,4171.065680065092
1918,278830,449058,0.0
1919,711678,610392,697.6921295507806
1920,541424,950993,0.0
1921,552585,998913,0.0
1922,59627,322141,598.4677337115975
1923,821622,695522,851.4034571736374
1924,470255,510309,1052.7193981413673
1925,514757,90870,52.55423638837286
1926,945089,634962,0.0
1927,184614,297030,244.43299331555625
1928,713609,62959,0.0
1929,856725,134783,6229.754754009041
1930,914075,205688,724.0199311679633
1931,826214,701088,0.0
1932,52457,175115,0.0
1933,952776,361613,0.0
1934,433030,54879,0.0
1935,583366,24488,0.0
1936,528461,866793,0.0
1937,364034,841918,0.0
1938,296676,163987,56.20859703991395
1939,142118,24488,0.0
1940,180375,122935,0.0
1941,588774,880878,671.3040819473581
1942,13163,668467,0.0
1943,399905,103828,0.0
1944,319372,397791,0.0
1945,687507,359964,0.0
1946,763494,142649,49.08077703403374
1947,208084,285685,0.0
1948,258017,442180,6291.152502908028
1949,803618,668467,0.0
1950,275579,62959,1821.2089402029735
1951,968045,332403,0.0
1952,483556,805598,0.0
1953,779448,637840,0.0
1954,145308,516044,1574.6807184508548
1955,939428,18383,0.0
1956,252585,194983,4136.014474531499
1957,305246,156463,0.0
1958,803618,429815,0.0
1959,725592,710003,4109.337809642978
1960,339202,737971,0.0
1961,235126,322436,0.0
1962,28913,13960,0.0
1963,364412,681692,0.0
1964,653180,176088,0.0
1965,994374,412048,9248.75760630458
1966,878123,955087,123.23691441082981
1967,617317,203088,1397.618148251754
1968,553396,490812,172.1124378118603
1969,469487,361613,5607.4187514719615
1970,67558,307791,0.0
1971,278374,876369,0.0
1972,700784,461718,0.0
1973,623472,175115,0.0
1974,320710,266291,0.0
1975,702370,940359,0.0
1976,834971,309284,0.0
1977,962823,272463,2949.711513522373
1978,142105,619680,0.0
1979,100501,807574,27.22313436110066
1980,18043,858686,0.0
1981,294105,923116,4515.736976891271
1982,87420,720245,2104.4936455461266
1983,499932,955087,0.0
1984,940285,172260,0.0
1985,789805,577053,57.36410860008611
1986,134594,964047,0.0
1987,500189,389719,314.3300457333831
1988,526882,878826,0.0
1989,640827,21244,0.0
1990,580763,259282,0.0
1991,926638,359220,0.0
1992,807227,67592,0.0
1993,280445,203088,0.0
1994,724664,25918,742.7905470229947
1995,106422,349340,0.0
1996,224720,282435,2457.709080522754
1997,18043,156463,0.0
1998,308469,539831,0.0
1999,523601,203996,64.91875557320466
2000,783758,545918,1589.7488584868804
2001,212710,97764,0.0
2002,731718,760269,0.0
2003,736141,62959,915.6637880829853
2004,694461,365434,0.0
2005,235170,421331,0.0
2006,236412,173540,0.0
2007,772279,71619,0.0
2008,914075,110225,0.0
2009,5795,268232,436.59898908824584
2010,68228,481574,16328.571910799286
2011,17887,15238,0.0
2012,469215,194983,261.53774246188783
2013,862531,397791,0.0
2014,680731,161791,0.0
2015,177443,203088,3494.3906903570646
2016,503376,843807,79.62889186491279
2017,933875,614148,0.0
2018,241456,13960,189.57917004942988
2019,239727,168040,3578.157765519977
2020,902967,323714,0.0
2021,960230,680503,0.0
2022,760280,166932,945.209676026222
2023,900354,33540,0.0
2024,984969,76710,0.0
2025,387838,765421,0.0
2026,225106,567422,0.0
2027,405415,199666,0.0
2028,415685,289302,0.0
2029,802814,528099,0.0
2030,873017,361613,8684.440080219812
2031,718042,134783,183.83444192369896
2032,190904,384028,0.0
2033,351902,175115,5681.7300520719455
2034,974428,107765,449.4260032778753
2035,9421,861245,0.0
2036,32806,427016,1674.1521237731458
2037,52457,219307,62.58836335955252
2038,637061,354754,64.17826168192067
2039,767243,810856,0.0
2040,220422,885751,0.0
2041,93095,217900,307.12239055814354
2042,213799,211286,0.0
2043,505547,837412,0.0
2044,729324,528099,557.8037280591785
2045,539688,918042,95706.08387055133
2046,835622,695522,879.4023851045214
2047,519934,429815,710.2674729824618
2048,52933,217961,728.4606755859704
2049,395918,792241,0.0
2050,360936,354754,0.0
2051,846666,614148,6003.235051970329
2052,452902,404332,174.58670755373464
2053,517362,707607,0.0
2054,891512,244124,1840.5870179284107
2055,862066,853711,309.23323097589247
2056,461869,701088,2216.627034427872
2057,606750,384028,0.0
2058,485327,841918,0.0
2059,50241,431125,0.0
2060,383577,617660,1864.7846556052261
2061,38683,43041,335.6237579718757
2062,593162,453204,0.0
2063,90694,219307,0.0
2064,726374,254605,355.7131101419277
2065,983433,467336,13780.538097034716
2066,831804,444328,0.0
2067,833800,359220,0.0
2068,402936,617660,12481.017090558511
2069,87420,720245,2104.4936455461266
2070,898415,22989,0.0
2071,983979,614148,14327.912368919995
2072,804583,143052,4.118903310352057
2073,916590,250431,0.0
2074,782910,134242,0.0
2075,472734,453204,0.0
2076,72444,324722,0.0
2077,614445,693469,8994.196732911903
2078,943078,266516,34.933383788368666
2079,980347,945506,0.0
2080,257737,828986,0.0
2081,984969,62959,0.0
2082,336630,7391,0.0
2083,943753,701088,0.0
2084,240589,134783,659.8481210534954
2085,68739,178147,3720.159308970333
2086,933875,821099,0.0
2087,639932,175115,0.0
2088,394479,442180,0.0
2089,462373,407954,0.0
2090,909495,617660,2406.793758736883
2091,949563,731343,395.7702930973864
2092,377863,762154,0.0
2093,385467,38684,0.0
2094,170321,608480,186.51466429818757
2095,900354,926341,0.0
2096,778959,712748,0.0
2097,560178,282435,33922.8162896843
2098,820777,878826,0.0
2099,960673,265964,0.0
2100,886454,812449,0.0
2101,562020,965622,681.5066273910625
2102,377319,419839,0.0
2103,675367,366172,0.0
2104,387838,567422,0.0
2105,767217,113347,833.7301459242999
2106,560009,706932,0.0
2107,654187,950005,0.0
2108,290643,416657,2953.3994388343035
2109,386404,853711,8813.049551017304
2110,55053,975724,2009.5692857543652
2111,365616,212366,0.0
2112,640322,737971,0.0
2113,573417,789786,1314.7146955060375
2114,709789,569289,0.0
2115,946410,926341,0.0
2116,229999,322141,1441.8310634671043
2117,940375,689582,0.0
2118,198599,306419,0.0
2119,981277,530632,0.0
2120,36420,349340,15.125830740367793
2121,24901,352427,0.0
2122,409386,181501,0.0
2123,412878,930630,0.0
2124,112134,289302,0.0
2125,675367,156463,0.0
2126,975124,46820,97.69762772399474
2127,216482,631627,0.0
2128,144562,577053,55.97337344408565
2129,254511,828986,634.4392607347218
2130,960230,138281,0.0
2131,380320,930577,0.0
2132,213860,579967,0.0
2133,383236,914322,0.0
2134,905328,544583,0.0
2135,21793,54879,219.92973260569298
2136,322250,149616,309.0641895060931
2137,798855,297030,702.4064686082265
2138,835622,138281,0.0
2139,393955,978372,0.0
2140,865822,417921,714.1483637509652
2141,616467,516044,0.0
2142,703680,46897,0.0
2143,550465,453204,21.76672251290957
2144,654489,357600,0.0
2145,991074,853711,13996.61553654854
2146,632109,268162,0.0
2147,596439,737971,4302.938766896115
2148,865119,689022,0.0
2149,253537,947232,0.0
2150,83635,59550,0.0
2151,769063,834789,0.0
2152,517362,342381,546.6758007371681
2153,49766,64135,0.0
2154,980278,85370,1455.859619393193
2155,511970,722609,0.0
2156,24356,11502,5647.171507993994
2157,368452,810856,1162.1288842626486
2158,656073,580997,0.0
2159,310461,589532,4910.8037665337
2160,367563,659843,0.0
2161,391289,285685,0.0
2162,976972,303562,0.0
2163,510457,175115,0.0
2164,376613,384028,0.0
2165,789430,785196,6.16621198729986
2166,226076,407444,0.0
2167,755948,561941,0.0
2168,511164,467336,0.0
2169,151062,720021,0.0
2170,170321,166932,0.0
2171,508816,683627,0.0
2172,738689,892846,0.0
2173,144771,244124,0.0
2174,881238,176088,0.0
2175,803238,977784,0.0
2176,539688,63682,7016.423029922521
2177,680396,219307,0.0
2178,930068,882140,12.000129250279128
2179,212644,432427,0.0
2180,900354,419839,0.0
2181,639932,845427,0.0
2182,216482,39515,0.0
2183,550269,181501,0.0
2184,132590,543819,0.0
2185,481517,516044,0.0
2186,798855,866793,516.6503861958147
2187,75683,24488,0.0
2188,135234,898797,0.0
2189,12778,577464,220.62195497158095
2190,727821,356630,0.0
2191,469215,107692,471.6472370422838
2192,820860,598237,0.0
2193,142230,837094,5309.641973119473
2194,715340,735702,0.0
2195,39732,944806,0.0
2196,681518,843807,0.0
2197,277770,714905,66.05510177901337
2198,396606,24488,29799.660340975683
2199,834376,133019,1885.9538189751574
2200,504523,453204,0.0
2201,544870,912372,259.6357084223312
2202,828735,501406,19.44725765026422
2203,196095,662929,136.4400903320769
2204,342670,577053,0.0
2205,560009,825117,1633.9320167555172
2206,101403,714905,0.0
2207,892315,176088,43.39220951845116
2208,951876,784421,1424.9080978979337
2209,909244,209750,0.0
2210,900119,85370,0.0
2211,584862,158396,304.3156089738859
2212,687395,524197,0.0
2213,609299,942223,0.0
2214,249741,546334,18353.162197708814
2215,32806,539609,866.3167504594186
2216,978528,683627,0.0
2217,459818,66853,0.0
2218,837613,465904,0.0
2219,749499,639983,0.0
2220,950407,656648,0.0
2221,735011,64135,0.0
2222,779381,467336,45414.57025888051
2223,647391,795954,100.35232881657834
2224,293697,68618,1439.8106206926232
2225,584862,809762,5.506504809917606
2226,984356,885763,261.9983100584815
2227,786116,175115,0.0
2228,103538,298381,0.0
2230,72474,259282,0.0
2231,500189,902478,769.8537319275196
2232,229536,107765,0.0
2233,226089,508949,0.0
2234,725812,972871,180.89687622982893
2235,767217,175115,0.0
2236,968045,442180,2015.4190552173861
2237,444135,181501,0.0
2238,633359,301921,0.0
2239,634006,156463,0.0
2240,520152,322436,0.0
2241,275713,493058,0.0
2242,879323,945506,0.0
2243,275579,828007,0.0
2244,607020,178147,666.1784868908834
2245,322250,772796,0.0
2246,492335,539609,0.0
2247,226184,347465,0.0
2248,898415,389719,610.0372003072738
2249,105101,246334,104.18072982298804
2250,204933,161470,0.0
2251,939238,603814,349.5936225669365
2252,68690,683627,55157.348520941945
2253,133694,88581,0.0
2254,316303,285685,0.0
2255,87420,257446,0.0
2256,136343,2864,0.0
2257,402769,697735,1925.0566532802359
2258,953413,247498,0.0
2259,627954,203088,0.0
2260,856942,30048,0.0
2261,931636,546334,0.0
2262,711678,337273,0.0
2263,441435,311506,0.0
2264,475415,73778,195.52158012857535
2265,858239,39515,0.0
2266,881980,369424,0.0
2267,567216,430087,0.0
2268,596916,168040,7824.204599640231
2269,18043,712748,0.0
2270,525419,493058,0.0
2271,110476,506071,0.0
2272,991074,193572,0.0
2273,278374,94700,0.0
2274,308469,943114,0.0
2275,555524,665463,1766.2768090938573
2276,878123,508949,445.41821293769794
2277,285752,158396,8.1480443510173
2278,462373,155818,0.0
2279,809388,880536,1364.9954783357043
2280,513869,731646,0.0
2281,377658,689582,0.0
2282,864274,417999,641.9510428576092
2283,351038,682351,10094.057705939429
2284,67558,957839,0.0
2285,968045,429815,8933.234313352124
2286,830138,807942,0.0
2287,824555,622212,0.0
2289,21488,332403,176.92674321028568
2290,601148,671604,0.0
2291,140616,528099,0.0
2292,183697,161791,0.0
2293,200909,728573,0.0
2294,932825,776827,203.2850511446087
2295,443018,652478,0.0
2296,698431,323363,0.0
2297,147687,894544,348.3668047328503
2298,304970,618507,8852.232557800899
2299,891512,543648,1138.3183276136665
2300,825437,561824,0.0
2301,534751,515741,586.7932936016394
2302,964784,231924,3595.5183916537876
2303,411817,398431,0.0
2304,1539,341932,0.0
2305,600619,799335,0.0
2306,183735,974957,0.0
2307,519266,831838,0.0
2308,459124,698235,0.0
2309,653727,788259,0.0
2310,114939,289302,1143.49300936479
2311,219737,733338,0.0
2312,584862,901795,420.4834119253354
2313,983433,505424,0.0
2314,138166,684955,1047.7366616902725
2315,583328,880878,2773.583139296249
2316,555976,361613,3910.022438136999
2317,749597,311506,408.72129068891337
2318,456045,111351,0.0
2319,363327,481574,12522.512484766885
2320,396793,30048,0.0
2321,540742,361613,0.0
2322,902967,501522,0.0
2323,255026,132660,0.0
2324,33121,80605,0.0
2325,328648,173210,0.0
2326,607020,449050,0.0
2327,68228,268162,0.0
2328,358531,890120,0.0
2329,788474,276204,0.0
2330,596456,665463,7294.673070993639
2331,500785,539831,0.0
2332,307077,853711,3926.7806119126662
2333,897590,878826,3823.391429696765
2334,290858,343176,0.0
2335,200909,830738,0.0
2336,656056,941421,0.0
2337,100501,785400,1523.3248312190055
2338,738728,498393,0.0
2339,640827,301921,620.2543430372724
2340,5334,325135,0.0
2341,149710,46897,8.904316712069168
2342,237818,736860,980.1252053913045
2343,26577,228054,0.0
2344,749519,168040,2149.792408969477
2345,826268,426874,0.0
2346,455432,866793,0.0
2347,235452,196581,38.5861463089575
2348,494923,467336,12455.59664705891
2349,406426,289302,0.0
2350,856942,708270,0.0
2351,873129,13960,69.90210711859797
2352,956139,134783,26.1577223677899
2353,677984,124092,0.0
2354,748398,325011,0.0
2355,606750,634974,0.0
2356,665381,417921,0.0
2357,751455,272463,1824.172305265751
2358,73080,765004,0.0
2359,98012,498393,0.0
2360,455432,720245,0.0
2361,303118,308431,0.0
2362,60438,464465,958.8207601561628
2363,502855,48739,0.0
2364,681584,322141,0.0
2365,662690,425848,0.0
2366,742254,681692,2300.4624953563316
2367,302297,799263,0.0
2368,164135,76710,922.9045499988936
2369,295548,62959,0.0
2370,49050,121800,1028.6871817061515
2372,46049,546613,935.1398356605187
2373,330908,429117,464.1207764066775
2374,200909,546334,0.0
2375,801034,581871,500.9444505073025
2376,716303,950993,0.0
2377,751813,337273,0.0
2378,790396,742056,0.0
2379,192054,429117,0.0
2380,626453,368515,0.0
2381,288324,558292,0.0
2382,584565,652478,8257.509318836028
2383,198812,289302,0.0
2384,363327,343176,261.6526156700519
2385,176789,753400,0.0
2386,379529,48739,0.0
2387,529359,95297,0.0
2388,951876,543819,0.0
2389,428286,59550,489.8352387349389
2390,952776,662929,2805.3676291123916
2391,444135,353431,0.0
2392,888338,964047,1376.4430742952209
2393,30727,217762,1.9793354430941839
2394,691588,427016,614.5252909132748
2395,655693,849673,0.0
2396,263244,826122,530.3491653113674
2397,119426,853711,37479.3059940672
2398,912908,676985,474.0713595049815
2399,812593,235165,0.0
2400,40056,158427,0.0
2401,303215,998913,0.0
2402,195074,419839,288.82016402618694
2403,871393,203088,6358.929233803557
2404,406426,64135,272.0447299165587
2405,527585,352427,1584.1781593436353
2406,468051,693469,11347.659300274832
2407,299012,79564,1945.1501009400597
2408,826214,845658,3957.8606246245095
2409,771079,880536,366.204152914531
2410,501724,430087,0.0
2411,522694,516044,317.99175066338574
2412,766406,956375,0.0
2413,652162,731343,465.20510674042487
2414,42287,59550,91.23920496125973
2415,723328,257446,0.0
2416,521751,417021,0.0
2417,356813,565101,92.82608734392008
2418,711678,707607,14148.778075166736
2419,843911,337273,0.0
2420,65347,998913,53.221869029717304
2421,768985,85370,0.0
2422,927322,397791,0.0
2423,514757,172260,0.0
2424,904490,85370,4293.890554875646
2425,29341,850645,0.0
2426,255026,880878,0.0
2428,189623,206481,0.0
2429,783758,870565,0.0
2430,146170,404332,0.0
2431,492335,530632,0.0
2432,151121,494777,199.70228924958192
2433,718042,282435,0.0
2434,198916,175115,6930.883429874605
2435,731718,68618,42.21758710037932
2436,596580,672708,1425.2717565113924
2437,751813,332403,0.0
2438,200749,283094,0.0
2439,826214,668467,583.2416555552414
2440,798629,947232,0.0
2441,483900,212366,0.0
2442,694983,690691,0.0
2443,5795,603814,62.57089082955847
2444,103652,841918,1062.128139717008
2445,662733,419839,0.0
2446,909826,926341,1231.0245039190818
2447,716303,244124,0.0
2448,758559,124607,0.0
2449,272515,124092,0.0
2450,809698,357600,143.84330514168974
2451,32513,498393,0.0
2452,17887,378771,86.81909952398597
2453,529359,412048,0.0
2454,446114,124092,8263.295421822575
2455,360729,681692,0.0
2456,691588,657582,0.0
2457,726374,682351,85989.52912903497
2458,522150,639983,70.06344929276948
2459,495790,176088,0.0
2460,698971,191894,2971.476931020094
2461,845632,913129,0.0
2462,46098,896302,0.0
2463,996946,256944,1037.4578067861123
2464,275713,550395,513.2374775595428
2465,428998,608480,2350.480610849211
2466,555699,251377,0.0
2467,777468,45127,0.0
2468,312559,362489,0.0
2469,790396,112419,109.7028830320869
2470,764143,914322,39.51062823703312
2471,174752,85370,3911.766669320272
2472,398903,161791,112532.90364680908
2473,104494,962732,7739.608521685761
2474,454013,535885,0.0
2475,790825,159780,0.0
2476,182339,643049,241.222222219043
2477,596916,357060,0.0
2478,382421,231924,0.0
2479,292139,289302,19315.046422659492
2480,893916,924533,0.0
2481,535801,332403,1689.8701901760094
2482,784451,359220,1809.8092462300838
2483,187469,660710,0.0
2484,351902,181501,3111.69144114224
2485,476123,25918,0.0
2486,117648,467336,0.0
2487,508580,728573,0.0
2488,46079,528099,0.0
2489,680731,618674,0.0
2490,263144,197587,0.0
2491,456096,454172,1502.426987621523
2492,434435,43055,13.016054019548791
2493,930582,491725,0.0
2494,469180,342381,1787.3174252603121
2495,723328,307791,0.0
2496,101021,682351,33313.75924440197
2497,177443,464465,811.3169079246061
2498,104494,366172,0.0
2499,932825,417921,0.0
2500,921349,918042,8814.286622412252
2501,5334,375031,0.0
2502,360679,765004,26.296275007074968
2503,889517,159780,0.0
2504,792165,617660,0.0
2505,742254,64135,0.0
2506,295282,245332,0.0
2507,548651,175115,209.21622326010615
2508,325302,996452,224.12164187418318
2509,220422,898797,0.0
2510,582638,87843,1169.1246560143293
2511,781590,34924,0.0
2512,781590,192063,0.0
2513,881980,797471,0.0
2514,519266,63682,1900.1131773462935
2515,917331,842353,0.0
2516,338199,616925,0.0
2517,536587,199666,0.0
2518,674938,127368,0.0
2519,826214,285685,463.11665060347144
2520,685281,306419,1999.6464307087565
2521,145845,357060,0.0
2522,555699,175115,1602.7109395848165
2523,846666,913809,0.0
2524,458072,68758,22.50377029323316
2525,504523,134783,7729.923462115075
2526,398335,493427,31.775263705236803
2527,166292,558292,0.0
2528,550465,481574,0.0
2529,197548,354754,0.0
2530,179421,810277,0.0
2531,889399,156463,861.3212481626634
2532,853921,103828,0.0
2533,157559,272463,30351.322651584647
2534,945432,720021,0.0
2535,803618,347465,0.0
2536,416958,701088,6049.33852805579
2537,162306,303318,0.0
2538,774992,354754,0.0
2539,109576,943114,14.217049306749768
2540,887152,111351,0.0
2541,25050,998913,0.0
2542,994557,332403,1311.2358367197842
2543,454897,865987,0.0
2544,767243,419839,0.0
2545,834376,124092,0.0
2546,154186,209750,183.85847948060115
2547,322585,323714,0.0
2548,629329,442180,0.0
2549,641245,845427,0.0
2550,728367,419839,0.0
2551,635419,481574,0.0
2552,302297,359964,0.0
2553,897835,902478,2586.387088317297
2554,593548,984203,0.0
2555,128643,617660,0.0
2556,278830,342381,0.0
2557,32820,556622,0.0
2558,873729,926341,0.0
2559,347609,30376,0.0
2560,617866,984203,129.0908899196733
2561,594395,577053,0.0
2562,889399,111351,1206.0272791084483
2563,237818,887902,0.0
2564,280445,853711,0.0
2565,504578,647752,0.0
2566,873729,742092,500.9311177971261
2567,434435,175115,1929.9373232016135
2568,152481,834789,0.0
2569,199187,161791,0.0
2570,930675,464465,0.0
2571,773773,765004,0.0
2572,840888,760269,0.0
2573,144562,30048,0.0
2574,831962,549883,0.0
2575,162330,674816,0.0
2576,508803,671460,0.0
2577,627954,111351,67.25950057082932
2578,789805,577053,57.36410860008611
2579,820860,70926,0.0
2580,194721,76655,134.40607606757663
2581,194857,693469,0.0
2582,566734,379168,0.0
2583,715340,923116,0.0
2584,218312,505424,0.0
2585,296676,923116,0.0
2586,166694,892986,0.0
2587,402936,134783,930.368831704987
2588,253522,720245,18151.0251391708
2589,447968,640643,324.755219874742
2590,288324,112251,134.76723242677107
2591,80991,530577,0.0
2592,413862,176088,0.0
2593,384852,930630,1049.6971367662497
2594,115791,530577,6519.963712123757
2595,196767,219307,0.0
2596,713644,712748,0.0
2597,306906,968423,41.032028315154875
2598,102809,230551,0.0
2599,96798,695522,2338.3609261725005
2600,947148,378771,1966.145102769886
2601,914527,218845,0.0
2602,415534,141278,24.164916998960248
2603,545414,161791,1431.133654074429
2604,849071,569289,0.0
2605,757708,828986,0.0
2606,9797,539831,0.0
2608,633800,708918,0.0
2609,846009,85370,2351.4140837011923
2610,326381,429815,3316.161057450859
2611,303215,695937,417.0949928531728
2612,960673,751476,204.28642710307145
2613,255026,680971,0.0
2614,563940,357060,2476.345484367249
2615,779163,182948,210.00568146142436
2616,208084,378771,260.004314821419
2617,106743,21244,0.0
2618,28913,107765,409.9003438110773
2619,13713,419839,0.0
2620,290643,359964,0.0
2621,500846,785196,0.0
2622,875919,772796,0.0
2623,824555,825117,0.0
2624,573417,337273,0.0
2625,432054,589532,0.0
2626,411093,332403,476.5008575632068
2627,727337,382847,0.0
2628,528461,454172,0.0
2629,791435,698415,0.0
2630,679489,444328,1025.402608665559
2631,183735,578968,5782.64838523411
2632,619310,337599,2.7643698605714597
2633,633359,191894,1083.7662273876472
2634,959850,922019,0.0
2635,723044,589905,157.3625264115052
2636,454428,278805,0.0
2637,455432,95439,0.0
2638,495790,879164,293.106237809031
2639,700784,477242,145.98014818090658
2640,860559,481574,11120.943448248885
2641,233713,442208,6655.247557771495
2642,208084,998913,0.0
2643,791435,70231,1572.4851804680095
2644,937704,941421,614.4471346417043
2645,240824,636297,0.0
2646,189623,467096,2440.406972044152
2647,773773,311506,0.0
2648,216482,631627,0.0
2649,930582,682351,114181.35756952465
2650,508803,519863,0.0
2651,522150,831838,62.72751402657701
2652,731718,366462,0.0
2653,479968,797981,0.0
2654,208084,593896,1962.2565762192994
2655,492472,842438,5.852155674107948
2657,322250,490313,0.0
2658,50945,289302,13022.478645078314
2659,376613,853711,6050.196499018196
2660,46049,728573,886.9442372231745
2661,288123,191894,814.5967414122526
2662,941366,615562,0.0
2663,573417,984203,595.4783945400407
2664,456045,368515,229.2464064119212
2665,153473,337599,0.0
2666,98667,998913,0.0
2667,617846,852932,347.14060354673353
2668,537780,735779,3680.485578746655
2669,10243,992122,18.436782981139068
2670,233713,366172,0.0
2671,434435,821099,656.4877527121652
2672,510562,230551,1032.1573138147783
2673,193676,158396,0.0
2674,120748,660174,0.0
2675,900354,442180,0.0
2676,220422,582264,366.73172574760696
2677,517910,546334,0.0
2678,178381,412048,0.0
2679,217877,138281,0.0
2680,160817,33540,0.0
2681,839495,975724,4593.82096887418
2682,255620,124092,0.0
2683,772157,7391,0.0
2684,187469,6139,0.0
2685,374927,653526,0.0
2686,475311,124092,402.2273554446087
2687,208084,285685,0.0
2688,60438,282435,2296.425760263579
2689,280445,918042,36875.91151324725
2690,144771,205688,3572.1319464262588
2691,961018,785196,0.0
2692,954515,877336,1112.5168610288524
2693,416958,662929,0.0
2694,634006,926341,0.0
2695,936230,560212,0.0
2696,318384,713381,0.0
2697,443869,491725,0.0
2698,600619,481574,6993.783902404222
2699,834971,64135,4325.790684306651
2700,831804,151958,0.0
2701,87432,876369,19.086613554190308
2702,264895,569289,1678.2727259050287
2703,968045,442180,2015.4190552173861
2704,54907,652915,0.0
2705,926602,665162,0.0
2706,533645,975724,0.0
2707,293697,955087,1587.642440596216
2708,888300,845427,0.0
2709,400867,217961,67.4725772053224
2710,430499,280800,0.0
2711,10146,799335,0.0
2712,981277,964047,0.0
2713,23921,936020,102.59349621670592
2714,949563,681692,641.6785094295243
2715,61112,633474,11911.684505902263
2716,265728,30895,246.92147199613606
2717,681518,918042,1203.895137452763
2718,430499,681692,0.0
2719,778023,680503,963.2352356614743
2720,14688,959059,143.86117484710158
2721,40242,59550,0.0
2722,617846,892846,625.0052385730852
2723,361097,626176,0.0
2724,767676,531167,0.0
2725,528461,710003,1120.001356022745
2726,422091,151958,0.0
2727,749597,203088,20776.770323772238
2728,47560,378771,0.0
2729,780239,200862,0.0
2730,470255,694161,0.0
2731,974428,532822,0.0
2732,448151,638106,0.0
2733,857999,85370,6387.046103296456
2734,364412,576469,0.0
2735,475415,73355,37.16467066580516
2736,607890,124806,0.0
2737,736141,407954,0.0
2738,184614,964047,0.0
2739,990076,458201,588.0818952665301
2740,504523,453949,0.0
2741,592059,835492,0.0
2742,235452,556507,0.0
2743,143176,782278,0.0
2744,44162,807530,94.57310867025672
2745,368452,810856,1162.1288842626486
2746,517910,429117,378.11447527198607
2747,425980,21244,0.0
2748,98012,736860,0.0
2749,257737,322436,0.0
2750,352318,369424,0.0
2751,492472,579967,0.0
2752,945432,132660,0.0
2753,518921,323714,0.0
2754,208530,247498,0.0
2755,522694,366435,0.0
2756,119426,203088,0.0
2757,374572,467336,0.0
2758,154142,90008,932.7113114399798
2759,838520,676985,0.0
2760,468370,357060,5856.569563279871
2761,277054,343176,0.0
2762,975852,467096,387.62159319611976
2763,331478,166845,0.0
2764,810801,313852,2234.8835703358754
2765,969286,626176,0.0
2766,779845,817299,0.0
2767,149050,882140,0.0
2768,971793,918042,5895.832044071989
2769,45937,23763,3303.007986976471
2770,235170,569118,0.0
2771,881238,271305,0.0
2772,640322,43055,246.40218838475477
2773,460157,991841,0.0
2774,162330,947232,0.0
2775,160817,923116,0.0
2776,501468,809910,0.0
2777,725812,710003,0.0
2778,212425,799335,0.0
2779,85752,710003,1822.4527570455764
2780,618019,94700,646.1129394740677
2781,941366,161791,0.0
2782,980347,143052,869.1573043121739
2783,90148,46820,0.0
2784,68322,442208,7546.436933692773
2785,876906,95439,223.30107621424992
2786,909495,693469,0.0
2787,393955,437502,0.0
2788,916590,467336,0.0
2789,59627,676985,2004.360070780476
2790,154714,956375,273.3710567316694
2791,561339,305861,0.0
2792,742254,814031,23301.691363000184
2793,937704,913809,890.0112854623744
2794,348868,639521,0.0
2795,98667,512894,0.0
2796,381520,955087,1209.464508081875
2797,90148,359964,1263.7085068282943
2798,147716,555325,50.58416923801957
2799,28913,528099,2041.3918667712069
2800,43130,404332,198.3623785267742
2801,411817,710589,0.0
2802,747027,878826,5715.159207804279
2803,290643,695937,0.0
2804,859160,965622,0.0
2805,67558,530577,4603.996162627551
2806,705632,817206,0.0
2807,173252,358877,1456.0564061227494
2808,540742,610392,0.0
2809,301337,203088,0.0
2810,749499,244124,917.8757229959034
2811,264058,64135,0.0
2812,971793,354754,419.00763620331486
2813,564398,407954,0.0
2814,890152,342381,473.97253548319014
2815,383236,412048,0.0
2816,324193,582264,1183.4067777081498
2817,513326,66853,0.0
2818,672617,580528,0.0
2819,784451,419839,0.0
2820,583085,642163,308.29997183859217
2821,858927,789786,179.48163134172185
2822,834313,701088,0.0
2823,527866,593407,0.0
2824,515608,354754,0.0
2825,195691,378771,0.0
2826,423178,528099,0.0
2827,940045,880536,2976.768213750609
2828,552585,998913,0.0
2829,149710,124092,369.50255652577255
2830,266071,247498,0.0
2831,820043,87843,0.0
2832,258017,683627,6994.569526484839
2833,411093,550395,2016.2458594482296
2834,501724,318504,0.0
2835,580347,110225,946.4189033678813
2836,883476,384028,0.0
2837,498989,43055,263.5502189656632
2838,166096,643049,0.0
2839,350287,173500,0.0
2840,665978,812449,100.1164298453737
2841,980278,203088,133.64500512933867
2842,16154,961450,0.0
2843,113887,722025,0.0
2844,689551,830738,4142.282541936142
2845,411093,561824,64.67166743903432
2846,369563,828007,0.0
2847,852394,467336,0.0
2848,240824,282435,9131.459169238326
2849,33893,475187,0.0
2850,763874,11502,0.0
2851,950407,45981,0.0
2852,456045,429815,0.0
2853,69792,482465,954.014965945124
2854,476123,753600,0.0
2855,779163,712748,0.0
2856,485906,545860,2318.7266457777405
2857,877276,765004,0.0
2858,299012,109628,258.165694436731
2859,98940,24488,6129.173103336762
2860,29847,65027,0.0
2861,416960,138281,0.0
2862,548544,149835,483.5504444164912
2863,626591,689022,0.0
2864,674728,993433,0.0
2865,607020,107692,0.0
2866,224720,834789,0.0
2867,349749,688024,68.77154112778913
2868,617795,697735,4264.695454964989
2869,515608,710589,0.0
2870,69175,39515,0.0
2871,128643,617660,0.0
2872,452902,134783,0.0
2873,890113,697735,0.0
2874,292771,46897,0.0
2875,757708,839768,0.0
2876,763494,638106,0.0
2877,500785,803231,0.0
2878,863817,427016,5281.842780026655
2879,983003,668467,0.0
2880,522694,864429,0.0
2881,43101,662929,625.0754292042476
2882,517362,332403,670.6329067733709
2883,534751,59550,0.0
2884,594395,113347,0.0
2885,929711,950993,0.0
2886,255026,244124,328.1167724944745
2887,287882,298381,0.0
2888,280445,577053,4681.056608819823
2889,648669,357060,63.331323195559875
2890,550427,195861,0.0
2891,645071,676985,596.3736452882529
2892,453432,288799,468.9333877931664
2893,803238,235165,0.0
2894,165614,134783,394.070338916244
2895,887152,429815,0.0
2896,216482,838773,846.1805709888957
2897,425517,516044,0.0
2898,860559,449058,0.0
2899,285752,837231,0.0
2900,641770,2518,0.0
2901,109353,168040,28569.374544787148
2902,834376,660710,994.354666409561
2903,32806,652478,0.0
2904,235413,244124,5206.947220017986
2905,485327,276204,0.0
2906,367563,680971,0.0
2907,100501,494777,0.0
2908,696596,205688,1778.1110238344522
2909,583085,121996,0.0
2910,847991,71619,0.0
2911,117648,209750,642.968089349605
2912,439902,544583,796.418127395444
2913,377319,593407,0.0
2914,198694,282435,0.0
2915,463435,944806,0.0
2916,272968,168040,5976.867829473821
2917,172715,779403,0.0
2918,144919,419839,378.383169519015
2919,782910,644221,782.3607930838263
2920,185660,841918,0.0
2921,539162,22967,0.0
2923,454428,134783,0.0
2924,952776,85370,0.0
2925,629589,440242,0.0
2926,274429,313852,0.0
2927,295282,972871,0.0
2928,277770,493058,0.0
2929,118098,141278,287.56620578818496
2930,425517,831838,0.0
2931,285752,191805,0.0
2932,86582,70231,107.06529688852608
2933,391445,918042,55949.33404600295
2934,817147,746858,0.0
2935,417654,875119,674.0823571471188
2936,553396,356630,0.0
2937,974428,64135,0.0
2938,239119,50627,0.0
2939,827354,231924,3260.676093682385
2940,926638,672373,0.0
2941,485420,890771,0.0
2942,217877,926341,0.0
2943,854305,303562,0.0
2944,589745,695073,0.0
2946,611037,767751,0.0
2947,508803,341932,347.1447367604955
2948,343297,244124,1998.0787420688534
2949,560178,845658,0.0
2950,364315,924533,0.0
2951,672617,62959,2411.5614805518753
2952,447121,545860,4135.7962971400075
2953,723044,230551,1913.1205886189748
2954,473629,831838,0.0
2955,46079,586320,0.0
2956,842403,618540,0.0
2957,184614,945506,0.0
2958,536265,913809,0.0
2959,812593,681692,0.0
2960,263666,181501,706.7857796522358
2962,615851,956375,0.0
2963,677058,64135,0.0
2964,849071,918042,84798.7867973196
2965,555524,257446,0.0
2966,588548,530577,0.0
2967,875987,432302,0.0
2968,826214,442180,0.0
2969,270111,217762,1424.001313769367
2970,620114,528099,0.0
2971,983003,668467,0.0
2972,307066,155818,1688.4553426458046
2973,623472,15238,0.0
2974,887152,278805,0.0
2975,517362,155818,116.00102175747645
2976,687395,138281,0.0
2977,329721,219307,1990.8655847216182
2978,326381,685277,0.0
2979,714512,892846,0.0
2980,266071,24488,3263.1446540803886
2981,956532,24488,2600.74957584814
2982,112134,322436,1055.902916791926
2983,519861,442180,0.0
2984,74832,866793,0.0
2985,975124,244124,0.0
2986,302819,419839,0.0
2987,85752,467336,0.0
2988,983003,287317,0.0
2989,597966,64135,0.0
2990,259639,481574,0.0
2991,880633,398911,0.0
2992,307836,810277,39.93765312998415
2993,428998,62760,0.0
2994,379357,378771,0.0
2995,888088,154970,0.0
2996,791263,90870,0.0
2997,527585,918042,35777.53395257978
2998,197117,765004,442.69433358619057
2999,38878,225992,0.0
